Who?,Protein Name,Experimental Sequence,Rg (nm),Ree (nm),Rh (nm),[NaCl] mM,[Na3PO4] mM,[Na2HPO4] mM,[KH2PO4] mM,[KCl] mM,[EDTA] mM,[PMSF] mM,DTT [mM],[Tris] mM,[Tris-HCl] mM,[MgCl2] mM,[TCEP] mM,[Bis Tris] mM,[MES] mM,[CaCl2] mM,[NaNO3] mM,[HEPES] mM,[Na2HPO4/NaH2PO4] mM,[Na2SO4] mM,[β-mercaptoethanol] mM,[NaF] mM,[PO4^3-] mM,[(NH4)2SO4] mM,[MOP] mM,[NaN3] mM,[MOPS] mM,[urea] mM,[CHAPS] mM,Ph,Experimental or Computational,Source
Abdullah M,α-Synuclein,MDVFMKGLSKAKEGVVAAAEKTKQGVAEAAGKTKEGVLYVGSKTKEGVVHGVATVAEKTKEQVTNVGGAVVTGVTAVAQKTVEGAGSIAAATGFVKKDQLGKNEEGAPQEGILEDMPVDPDNEAYEMPSEEGYQDYEPEA,3.55,9.5,2.9,150,0,20,0,0,0,0,0,0,0,0,0,0,0,0,0,0,0,0,0,0,0,0,0,0,0,0,0,7.4,experimental,"https://www.uniprot.org/uniprotkb/P37840/entry, https://www.biorxiv.org/content/10.1101/2021.01.15.426794v2.full.pdf?utm_source, https://pubs.acs.org/doi/10.1021/acs.biomac.3c00404?utm_source"
Abdullah S,"Isoform Tau-F of Microtubule-associated protein tau (C291A, K311C, K317C, C322A)",MQTAPVPMPDLKNVKSKIGSTENLKHQPGGGKVQIINKKLDLSNVQSKAGSKDNIKHVPGGGSVQIVYCPVDLSCVTSKAGSLGNIHHKPGGGQVEVKSEKLDFKDRVQSKIGSLDNITHVPGGGNKKIE,3.5,,,100,0,0,0,0,0,0,0,0,0,0,0,0,0,0,0,0,0,0,0,0,0,0,0,0,0,0,0,6.8,experimental,"https://www.sasbdb.org/data/SASDV46/, https://www.sasbdb.org/molecule/5428, https://www.uniprot.org/uniprotkb/P10636/entry#sequences "
Abdullah S,Mothers against decapentaplegic homolog 2 (C-terminus phosphomimetic mutant),MGHHHHHHMSSILPFTPPVVKRLLGWKKSAGGSGGAGGGEQNGQEEKWCEKAVKSLVKKLKKTGRLDELEKAITTQNCNTKCVTIPSTCSEIWGLSTPNTIDQWDTTGLYSFSEQTRSLDGRLQVSHRKGLPHVIYCRLWRWPDLHSHHELKAIENCEYAFNLKKDEVCVNPYHYQRVETPVLPPVLVPRHTEILTELPPLDDYTHSIPENTNFPAGIEPQSNYIPETPPPGYISEDGETSDQQLNQSMDTGSPAELSPTTLSPVNHSLDLQPVTYSEPAFWCSIAYYELNQRVGETFHASQPSLTVDGFTDPSNSERFCLGLLSNVNRNATVEMTRRHIGRGVRLYYIGGEVFAECLSDSAIFVQSPNCNQRYGWHPATVCKIPPGCNLKIFNNQEFAALLAQSVNQGFEAVYQLTRMCTIRMSFVKGWGAEYRRQTVTSTPCWIELHLNGPLQWLDKVLTQMGSPSVRCEEME,5.1,,,150,0,0,0,0,0,0,0,20,0,0,0,0,0,0,0,0,0,0,0,0,0,0,0,0,0,0,0,7.2,experimental,"https://www.sasbdb.org/data/SASDLA2/, https://www.uniprot.org/uniprotkb/Q15796/entry#sequences, https://www.sasbdb.org/molecule/2898 "
Abdullah S,Nucleoporin NUP49/NSP49,GCQTSRGLFGNNNTNNINNSSSGMNNASAGLFGSKPUA,1.6,,,0,0,0,0,0,0,0,10,0,0,0,0,0,0,0,0,0,0,0,0,0,0,0,0,0,0,0,0,7.4,experimental,"https://www.sasbdb.org/data/SASDEH2/, https://www.sasbdb.org/molecule/1229, https://www.uniprot.org/uniprotkb/Q02199/entry#sequences "
Saleh,Histatin 5,DSHAKRHHGYKRKFHEKHHSHRGY,1.4,,1.28,0,0,0,0,0,0,0,0,20,0,0,0,0,0,0,0,0,0,0,0,0,0,0,0,0,0,0,0,7.5,experimental,"https://pubmed.ncbi.nlm.nih.gov/36518077/, https://pubmed.ncbi.nlm.nih.gov/21741339/, https://pubmed.ncbi.nlm.nih.gov/30865820/"
zach,"Intrinsically Disordered Protein, class C",MQTFSSLLLALGLFSEASAQLAAWPSQSYSPFYQALFGGASTPVLSAPVAKTAPSAIPLAAPALPVPVAAAPFFASPAPVLAAPAPLLAPPAPVFAAPRPVFAAPALAPVAPMAPVLRGPAFAYAPSPVLAPVGVAPVAPAPVFAAPAFAPVAPVLAAPRFVPAYAPFARAAMFIGSNKAKTA,3.87,,3.46,,,,,,,,,,,,,,,,,,,,,,,,,,,,,,computational,"https://www.uniprot.org/uniprotkb/Q22263/entry#sequences, https://www.nature.com/articles/s41598-022-10607-z#Sec10"
zach,Major intrinsically disordered Notch2-binding receptor 1,METSQETSLFLVKILEELDSKQNTVSYQDLCKSLCARFDLSQLAKLRSVLFYTACLDPNFPATLFKDKMKCTVNNQQSKKIMVAADIVTIFNLIQMNGGAAKEKLPTGRQKVRKKEASFESCRSDTEICNAAECEPLNCELSERSFSRGYPIRQSSKCRKMDCKDCPQFVPASEPNFLLGVSKEVKNRAASLDRLQALAPYSVTSPQPCEMQRTYFPMNIENESISDQDSLPINQSIKETFISNEEPFVVQSCVQKRNIFKEDFHNLMAVSPSLVGPISKAENEHREPQSRKEPHKPPFFNHSFEMPYNSQYLNPVYSPVPDKRRAKHESLDDLQASTYFGPTPVMGTQEARRCLGKPNKQTPWPAKSWSLNTEEVPDFERSFFNRNPSEEKLHYPNASSQTPNFPAPERRPTYLVPKDQQPILPIAYAAKQNGLKSKEISSPVDLEKHEPVKKFKDKSINCTSGQLSSDTSSVGTQTEHVLEPKKCRDLCTSGQGKYSDRHTMKHSDDDSEIVSDDISDIFRFLDDMSISGSTGVIQSSCYNSTGSLSQLHKSDCDSSPEHNLTKIANGVPNSKGDKGNRPENTHHSEEELKTSVCKLVLRIGEIERKLESLSGVRDEISQVLGKLNKLDQKMQQPEKVSVQIDLNSLTSEGPSDDSASPRMFHAHSGSHGPKLENNPDWCCSDASGSNSESLRVKALKKSLFTRPSSRSLTEENSATESKIASISNSPRDWRTITYTNRVGLNEEEIKDTGPGDNKDWHRKSKEADRQYDIPPQHRLPKQPKDGFLVEQVFSPHPYPASLKAHMKSNPLYTDMRLTELAEVKRGQPSWTIEEYARNAGDKGKLTALDLQTQESLNPNNLEYWMEDIYTPGYDSLLKRKEAEFRRAKVCKIAALIAAAACTVILVIVVPICTMKS,5.55,,6.89,,,,,,,,,,,,,,,,,,,,,,,,,,,,,,computational,"https://www.uniprot.org/uniprotkb/Q9UPX6/entry#sequences, , https://www.nature.com/articles/s41598-022-10607-z#Sec10"
zach,Basic salivary proline-rich protein 4,"MLLILLSVALLALSSAESSSEDVSQEESLFLISGKPEGRRPQGGNQPQRPPPPPGKPQGPPPQGGNQSQGPPPPPGKPEGRPPQGGNQSQGPPPHPGKPERPPPQGGNQSQGPPPHPGKPESRPPQGGHQSQGPPPTPGKPEGPPPQGGNQSQGTPPPPGKPEGRPPQGGNQSQGPPPHPGKPERPPPQGGNQSHRPPPPPGKPERPPPQGGNQSQGPPPHPGKPEGPPPQEGNKSRSARSPPGKPQGPPQQEGNKPQGPPPPGKPQGPPPAGGNPQQPQAPPAGKPQGPPPPPQGGRPPRPAQGQQPPQ",5.54,,5.05,,,,,,,,,,,,,,,,,,,,,,,,,,,,,,computational,"https://www.uniprot.org/uniprotkb/P10163/entry#function, , https://www.nature.com/articles/s41598-022-10607-z#Sec10"
zach,Cyclin-dependent kinase inhibitor 1,"MSEPAGDVRQNPCGSKACRRLFGPVDSEQLSRDCDALMAGCIQEARERWNFDFVTETPLEGDFAWERVRGLGLPKLYLPTGPRRGRDELGGGRRPGTSPALLQGTAEEDHVDLSLSCTLVPRSGEQAEGSPGGPGDSQGRKRRQTSMTDFYHSKRRLIFSKRKP",3.06,,3.35,,,,,,,,,,,,,,,,,,,,,,,,,,,,,,computational,"https://www.uniprot.org/uniprotkb/P38936/entry#sequences, https://disprot.org/DP00016, https://www.nature.com/articles/s41598-022-10607-z#Sec10"
Saleh,Growth hormone receptor intracellular domain,IIIFGIFGLTVMLFVFLFSKQQRIKMLILPPVPVPKIKGIDPDLLKEGKLEEVNTILAIHDSYKPEFHSDDSWVEFIELDIDEPDEKTEESDTDRLLSSDHEKSHSNLGVKDGDSGRTSCCEPDILETDFNANDIHEGTSEVAQPQRLKGEADLLCLDQKNQNNSPYHDACPATQQPSVIQAEKNKPQPLPTEGAESTHQAAHIQLSNPSSLSNIDFYAQVSDITPAGSVVLSPGQKNKAGMSQCDMHPEMVSLCQENFLMDNAYFCEADAKKCIPVAPHIKVESHIQPSLNQEDIYITTESLTTAAGRPGTGEHVPGSEMPVPDYTSIHIVQSPQGLILNATALPLPDKE,5.73,,5.08,0,0,20,0,0,0,0,0,0,0,0,0,0,0,0,0,0,0,0,0,0,,,,,,,,7.3,experimental,"https://pubmed.ncbi.nlm.nih.gov/36518077/, https://biosignaling.biomedcentral.com/articles/10.1186/s12964-020-00626-6, https://www.uniprot.org/uniprotkb/P10912/entry#sequences"
Abdullah S,CP12-2 (D77G),AAPEGGISDVVEKSIKEAQETCAGDPVSGECVAAWDEVEELSAAASHARDKKKADGSDPLEEYCKDNPETNECRTYDN,2.3,,,0,0,0,25,0,0,0,0,0,0,0,0,0,0,0,0,0,0,0,0,0,0,0,0,0,0,0,0,7.5,experimental,"https://www.sasbdb.org/molecule/4544, https://www.sasbdb.org/molecule/4544"
Abdullah M,"ERα N-Terminal Domain (NTD) (Human, residues 1–184)",SNAMTMTLHTKASGMALLHQIQGNELEPLNRPQLKIPLERPLGEVYLDSSKPAVYNYPEGAAYEFNAAAAANAQVYGQTGLPYGPGSEAAAFGSNGLGGFPPLNSVSPSPLMLLHPPPQLSPFLQPHGQQVPYYLENEPSGYTVREAGPPAFYRPNSDNRRQGGRERLASTNDKGSMAMESAKETRY,3.2,,,150,20,0,0,0,0.5,0.1,0,0,0,0,0,0,0,0,0,0,0,0,0,0,0,0,0,0,0,0,0,7.4,experimental,"https://www.sasbdb.org/data/SASDSK2, https://www.sasbdb.org/search/?models=molecule.molecule&q=Estrogen+receptor&, "
Abdullah M,Nup98,GCFNKSFGTPFGGGTGGFGTTSTFGQNTGFGTTSGGAFGTSAFGSSNNTGGLFGNSQTKPGGLFGTSSFSQPATSTSTGFGFGTSTGTANTLFGTASTGTSLFSSQNNAFAQNKPTGFGNFGTSTSSGGLFGTTNTTSNPFGSTSGSLFGPUA,2.9,,,137,0,10,1.8,2.7,0,0,10,0,0,0,0,0,0,0,0,0,0,0,0,0,0,0,0,0,0,0,0,7.4,experimental,"https://www.sasbdb.org/data/SASDEB3/, https://www.uniprot.org/uniprotkb/P03372/entry, https://www.uniprot.org/uniprotkb/P52948/entry#sequences, https://www.sigmaaldrich.com/US/en/support/calculators-and-apps/1x-phosphate-buffered-saline?srsltid=AfmBOoogMl2fqqNYiGrhXBalj5t8rnCgpvxaNBAu3vkI4RnY_o1P_J01&utm_source=chatgpt.com"
Abdullah M,Nup153 (NUS domain),GCPSASPAFGANQTPTFGQSQGASQPNPPGFGSISSSTALFPTGSQPAPPTFGTVSSSSQPPVFGQQPSQSAFGSGTTPNUA,2.5,,,137,0,10,1.8,2.7,0,0,10,0,0,0,0,0,0,0,0,0,0,0,0,0,0,0,0,0,0,0,0,7.4,experimental,"https://www.sasbdb.org/search/?models=molecule.molecule&q=Nuclear+pore+complex+protein+Nup153, "
Abdullah M,Nup153 (NUL domain),GCGFKGFDTSSSSSNSAASSSFKFGVSSSSSGPSQTLTSTGNFKFGDQGGFKIGVSSDSGSINPMSEGFKFSKPIGDFKFGVSSESKPEEVKKDSKNDNFKFGLSSGLSNPVUA,3,,,137,0,10,1.8,2.7,0,0,10,0,0,0,0,0,0,0,0,0,0,0,0,0,0,0,0,0,0,0,0,7.4,experimental,"https://www.sasbdb.org/data/SASDEZ2/, https://www.uniprot.org/uniprotkb/P49790/entry#sequences"
Abdullah M,TRF2 Basic domain,GPPGSMAGGGGSSDGSGRAAGRRASRSSGRARRGRHEPGLGGPAERGAG,1.7,,,50,50,0,0,0,0,0,0,0,0,0,0,0,0,0,0,0,0,0,0,0,0,0,0,0,0,0,0,7,experimental,"https://www.sasbdb.org/data/SASDC62/, https://www.uniprot.org/uniprotkb/Q15554/entry#sequences"
Abdullah M,PQBP1,GPMPLPVALQTRLAKRGILKHLEPEPEEEIIAEDYDDDPVDYEATRLEGLPPSWYKVFDPSCGLPYYWNADTDLVSWLSPHDPNSVVTKSAKKLRSSNADAEEKLDRSHDKSDRGHDKSDRSHEKLDRGHDKSDRGHDKSDRDRERGYDKVDRERERDRERDRDRGYDKADREEGKERRHHR REELAPYPKSKSSKPKG,3.5,,,137,0,10,1.8,2.7,0,0,0,0,0,0,0,0,0,0,0,0,0,0,0,0,0,0,0,0,0,0,0,7.5,experimental,"https://www.sasbdb.org/data/SASDET6/, https://www.uniprot.org/uniprotkb/O60828/entry#sequences"
Abdullah S,Nuclear pore complex protein Nup153,GCPSASPAFGANQTPTFGQSQGASQPNPPGFGSISSSTALFPTGSQPAPPTFGTVSSSSQPPVFGQQPSQSAFGSGTTPNUA,2.5,,,0,0,0,0,0,0,0,10,0,0,0,0,0,0,0,0,0,0,0,0,0,0,0,0,0,0,0,0,7.4,experimental,"https://www.uniprot.org/uniprotkb/P49790/entry#sequences, https://www.sasbdb.org/molecule/1238, https://www.sasbdb.org/data/SASDEV2/"
Abdullah S,Nuclear pore complex protein Nup153,GCPSASPAFGANQTPTFGQSQGASQPNPPGFGSISSSTALFPTGSQPAPPTFGTVSSSSQPPVFGQQPSQSAFGSGTTPNUA,3.1,,,,,,,,,,10,,,,,,,,,,,,,,,,,,,,,7.4,experimental,"https://www.uniprot.org/uniprotkb/P49790/entry#sequence, https://www.sasbdb.org/data/SASDEX2/, https://www.sasbdb.org/molecule/1238 "
Abdullah S,Colicin N Translocation domain,MGSNGADNAHNNAFGGGKNPGIGNTSGAGSNGSASSNRGNSNGWSWSNKPHKNDGFHSDGSYHITFHGDNNSKPKPGGNSGNRGNNGDGASSHHHHHH,2.8,,,300,50,0,0,0,0,0,0,0,0,0,0,0,0,0,0,0,0,0,0,0,0,0,0,0,0,0,0,7.6,experimental,"https://www.sasbdb.org/molecule/627, https://www.uniprot.org/uniprotkb/P08083/entry#sequences, https://www.sasbdb.org/data/SASDC53/"
zach,Eukaryotic translation initiation factor 4E-binding protein 1,MSGGSSCSQTPSRAIPATRRVVLGDGVQLPPGDYSTTPGGTLFSTTPGGTRIIYDRKFLMECRNSPVTKTPPRDLPTIPGVTSPSSDEPPMEASQSHLRNSPEDKRAGGEESQFEMDI,2.34,,2.65,,,,,,,,,,,,,,,,,,,,,,,,,,,,,,computational,"https://www.uniprot.org/uniprotkb/Q13541/entry#sequences, https://disprot.org/DP00028, https://www.nature.com/articles/s41598-022-10607-z#Sec10"
zach,Cyclin-dependent kinase inhibitor 1C,MSDASLRSTSTMERLVARGTFPVLVRTSACRSLFGPVDHEELSRELQARLAELNAEDQNRWDYDFQQDMPLRGPGRLQWTEVDSDSVPAFYRETVQVGRCRLLLAPRPVAVAVAVSPPLEPAAESLDGLEEAPEQLPSVPVPAPASTPPPVPVLAPAPAPAPAPVAAPVAAPVAVAVLAPAPAPAPAPAPAPAPVAAPAPAPAPAPAPAPAPAPAPDAAPQESAEQGANQGQRGQEPLADQLHSGISGRPAAGTAAASANGAAIKKLSGPLISDFFAKRKRSAPEKSSGDVPAPCPSPSAAPGVGSVEQTPRKRLR,4.22,,4.66,,,,,,,,,,,,,,,,,,,,,,,,,,,,,,computational,"https://www.uniprot.org/uniprotkb/P49918/entry#sequences, https://disprot.org/DP00017, https://www.nature.com/articles/s41598-022-10607-z#Sec10"
zach,Cyclin-dependent kinase inhibitor 1B,MSNVRVSNGSPSLERMDARQAEHPKPSACRNLFGPVDHEELTRDLEKHCRDMEEASQRKWNFDFQNHKPLEGKYEWQEVEKGSLPEFYYRPPRPPKGACKVPAQESQDVSGSRPAAPLIGAPANSEDTHLVDPKTDPSDSQTGLAEQCAGIRKRPATDDSSTQNKRANRTEENVSDGSPNAGSVEQTPKKPGLRRRQT,3.62,,3.9,,,,,,,,,,,,,,,,,,,,,,,,,,,,,,computational,"https://www.uniprot.org/uniprotkb/P46527/entry#sequences, https://disprot.org/DP00018, https://www.nature.com/articles/s41598-022-10607-z#Sec10"
zach,High mobility group protein HMG-I/HMG-Y,"MSESSSKSSQPLASKQEKDGTEKRGRGRPRKQPPVSPGTALVGSQKEPSEVPTPKRPRGRPKGSKNKGAAKTRKTTTTPGRKPRGRPKKLEKEEEEGISQESSEEEQ",4.15,,3.28,,,,,,,,,,,,,,,,,,,,,,,,,,,,,,computational,"https://disprot.org/DP00040, https://www.uniprot.org/uniprotkb/P17096/entry, https://www.nature.com/articles/s41598-022-10607-z#Sec10"
zach,Osteopontin,MRIAVICFCLLGITCAIPVKQADSGSSEEKQLYNKYPDAVATWLNPDPSQKQNLLAPQNAVSSEETNDFKQETLPSKSNESHDHMDDMDDEDDDDHVDSQDSIDSNDSDDVDDTDDSHQSDESHHSDESDELVTDFPTDLPATEVFTPVVPTVDTYDGRGDSVVYGLRSKSKKFRRPDIQYPDATDEDITSHMESEELNGAYKAIPVAQDLNAPSDWDSRGKDSYETSQLDDQSAETHSHKQSRLYKRKANDESNEHSDVIDSQELSKVSREFHSHEFHSHEDMLVVDPKSKEEDKHLKFRISHELDSASSEVN,5.38,,5.27,,,,,,,,,,,,,,,,,,,,,,,,,,,,,,computational,"https://www.uniprot.org/uniprotkb/P10451/entry#sequences, https://disprot.org/DP00214, https://www.nature.com/articles/s41598-022-10607-z#Sec10"
zach,E3 ubiquitin-protein ligase PPP1R11,MAEAGAGLSETVTETTVTVTTEPENRSLTIKLRKRKPEKKVEWTSDTVDNEHMGRRSSKCCCIYEKPRAFGESSTESDEEEEEGCGHTHCVRGHRKGRRRATLGPTPTTPPQPPDPSQPPPGPMQH,4.36,,3.47,,,,,,,,,,,,,,,,,,,,,,,,,,,,,,computational,"https://www.uniprot.org/uniprotkb/O60927/entry#sequences, https://disprot.org/DP00219, https://www.nature.com/articles/s41598-022-10607-z#Sec10"
zach,Breast cancer type 1 susceptibility protein,MDLSALRVEEVQNVINAMQKILECPICLELIKEPVSTKCDHIFCKFCMLKLLNQKKGPSQCPLCKNDITKRSLQESTRFSQLVEELLKIICAFQLDTGLEYANSYNFAKKENNSPEHLKDEVSIIQSMGYRNRAKRLLQSEPENPSLQETSLSVQLSNLGTVRTLRTKQRIQPQKTSVYIELGSDSSEDTVNKATYCSVGDQELLQITPQGTRDEISLDSAKKAACEFSETDVTNTEHHQPSNNDLNTTEKRAAERHPEKYQGSSVSNLHVEPCGTNTHASSLQHENSSLLLTKDRMNVEKAEFCNKSKQPGLARSQHNRWAGSKETCNDRRTPSTEKKVDLNADPLCERKEWNKQKLPCSENPRDTEDVPWITLNSSIQKVNEWFSRSDELLGSDDSHDGESESNAKVADVLDVLNEVDEYSGSSEKIDLLASDPHEALICKSERVHSKSVESNIEDKIFGKTYRKKASLPNLSHVTENLIIGAFVTEPQIIQERPLTNKLKRKRRPTSGLHPEDFIKKADLAVQKTPEMINQGTNQTEQNGQVMNITNSGHENKTKGDSIQNEKNPNPIESLEKESAFKTKAEPISSSISNMELELNIHNSKAPKKNRLRRKSSTRHIHALELVVSRNLSPPNCTELQIDSCSSSEEIKKKKYNQMPVRHSRNLQLMEGKEPATGAKKSNKPNEQTSKRHDSDTFPELKLTNAPGSFTKCSNTSELKEFVNPSLPREEKEEKLETVKVSNNAEDPKDLMLSGERVLQTERSVESSSISLVPGTDYGTQESISLLEVSTLGKAKTEPNKCVSQCAAFENPKGLIHGCSKDNRNDTEGFKYPLGHEVNHSRETSIEMEESELDAQYLQNTFKVSKRQSFAPFSNPGNAEEECATFSAHSGSLKKQSPKVTFECEQKEENQGKNESNIKPVQTVNITAGFPVVGQKDKPVDNAKCSIKGGSRFCLSSQFRGNETGLITPNKHGLLQNPYRIPPLFPIKSFVKTKCKKNLLEENFEEHSMSPEREMGNENIPSTVSTISRNNIRENVFKEASSSNINEVGSSTNEVGSSINEIGSSDENIQAELGRNRGPKLNAMLRLGVLQPEVYKQSLPGSNCKHPEIKKQEYEEVVQTVNTDFSPYLISDNLEQPMGSSHASQVCSETPDDLLDDGEIKEDTSFAENDIKESSAVFSKSVQKGELSRSPSPFTHTHLAQGYRRGAKKLESSEENLSSEDEELPCFQHLLFGKVNNIPSQSTRHSTVATECLSKNTEENLLSLKNSLNDCSNQVILAKASQEHHLSEETKCSASLFSSQCSELEDLTANTNTQDPFLIGSSKQMRHQSESQGVGLSDKELVSDDEERGTGLEENNQEEQSMDSNLGEAASGCESETSVSEDCSLSSQSDILTTQQRDTMQHNLIKLQQEMAELEAVLEQHGSQPSNSYPSIISDSSALEDLRNPEQSTSEKAVLTSQKSSEYPISQNPEGLSADKFEVSADSSTSKNKEPGVERSSPSKCPSLDDRWYMHSCSGSLQNRNYPSQEELIKVVDVEEQQLEESGPHDLTETSYLPRQDLEGTPYLESGISLFSDDPESDPSEDRAPESARVGNIPSSTSALKVPQLKVAESAQSPAAAHTTDTAGYNAMEESVSREKPELTASTERVNKRMSMVVSGLTPEEFMLVYKFARKHHITLTNLITEETTHVVMKTDAEFVCERTLKYFLGIAGGKWVVSYFWVTQSIKERKMLNEHDFEVRGDVVNGRNHQGPKRARESQDRKIFRGLEICCYGPFTNMPTDQLEWMVQLCGASVVKELSSFTLGTGVHPIVVVQPDAWTEDNGFHAIGQMCEAPVVTREWVLDSVALYQCQELDTYLIPQIPHSHY,6.36,,8.16,,,,,,,,,,,,,,,,,,,,,,,,,,,,,,computational,"https://www.uniprot.org/uniprotkb/P38398/entry#sequences, https://disprot.org/DP00238, https://www.nature.com/articles/s41598-022-10607-z#Sec10"
zach,von Hippel-Lindau disease tumor suppressor,MPRRAENWDEAEVGAEEAGVEEYGPEEDGGEESGAEESGPEESGPEELGAEEEMEAGRPRPVLRSVNSREPSQVIFCNRSPRVVLPVWLNFDGEPQPYPTLPPGTGRRIHSYRGHLWLFRDAGTHDGLLVNQTELFVPSLNVDGQPIFANITLPVYTLKERCLQVVRSLVKPENYRRLDIVRSLYEDLEDHPNVQKDLERLTQERIAHQRMGD,2.65,,3.27,,,,,,,,,,,,,,,,,,,,,,,,,,,,,,computational,"https://www.uniprot.org/uniprotkb/P40337/entry#sequences, https://disprot.org/DP00287, https://www.nature.com/articles/s41598-022-10607-z#Sec10"
zach,Bone sialoprotein 2,MKTALILLSILGMACAFSMKNLHRRVKIEDSEENGVFKYRPRYYLYKHAYFYPHLKRFPVQGSSDSSEENGDDSSEEEEEEEETSNEGENNEESNEDEDSEAENTTLSATTLGYGEDATPGTGYTGLAAIQLPKKAGDITNKATKEKESDEEEEEEEEGNENEESEAEVDENEQGINGTSTNSTEAENGNGSSGGDNGEEGEEESVTGANAEDTTETGRQGKGTSKTTTSPNGGFEPTTPPQVYRTTSPPFGKTTTVEYEGEYEYTGANEYDNGYEIYESENGEPRGDNYRAYEDEYSYFKGQGYDGYDGQNYYHHQ,5.18,,5.18,,,,,,,,,,,,,,,,,,,,,,,,,,,,,,computational,"https://disprot.org/DP00332, https://www.uniprot.org/uniprotkb/P21815/entry#sequences, https://www.nature.com/articles/s41598-022-10607-z#Sec10"
zach,Thymosin beta-4,MSDKPDMAEIEKFDKSKLKKTETQEKNPLPSKETIEQEKQAGES,3.28,,1.97,,,,,,,,,,,,,,,,,,,,,,,,,,,,,,computational,"https://disprot.org/DP00357, https://www.uniprot.org/uniprotkb/P62328/entry#function, https://www.nature.com/articles/s41598-022-10607-z#Sec10"
zach,Transcriptional and immune response regulator,MKAKRSHQAVIMSTSLRVSPSIHGYHFDTASRKKAVGNIFENTDQESLERLFRNSGDKKAEERAKIIFAIDQDVEEKTRALMALKKRTKDKLFQFLKLRKYSIKVH,2.88,,2.75,,,,,,,,,,,,,,,,,,,,,,,,,,,,,,computational,"https://disprot.org/DP00372, https://www.uniprot.org/uniprotkb/Q9NR00/entry#sequences, https://www.nature.com/articles/s41598-022-10607-z#Sec10"
zach,Nuclear protein 1,MATFPPATSAPQQPPGPEDEDSSLDESDLYSLAHSYLGGGGRKGRTKREAAANTNRPSPGGHERKLVTKLQNSERKKRGARR,2.79,,2.47,,,,,,,,,,,,,,,,,,,,,,,,,,,,,,computational,"https://disprot.org/DP00510, https://www.uniprot.org/uniprotkb/O60356/entry#function, https://www.nature.com/articles/s41598-022-10607-z#Sec10"
zach,Securin,MATLIYVDKENGEPGTRVVAKDGLKLGSGPSIKALDGRSQVSTPRFGKTFDAPPALPKATRKALGTVNRATEKSVKTKGPLKQKQPSFSAKKMTEKTVKAKSSVPASDDAYPEIEKFFPFNPLDFESFDLPEEHQIAHLPLSGVPLMILDEERELEKLFQLGPPSPVKMPSPPWESNLLQSPSSILSTLDVELPPVCCDIDI,4.21,,4.14,,,,,,,,,,,,,,,,,,,,,,,,,,,,,,computational,"https://disprot.org/DP00521, https://www.uniprot.org/uniprotkb/O95997/entry#sequences, https://www.nature.com/articles/s41598-022-10607-z#Sec10"
zach,Cytochrome c oxidase copper chaperone,MPGLVDSNPAPPESQEKKPLKPCCACPETKKARDACIIEKGEEHCGHLIEAHKECMRALGFKI,1.37,,1.76,,,,,,,,,,,,,,,,,,,,,,,,,,,,,,computational,"https://disprot.org/DP00543, https://www.uniprot.org/uniprotkb/Q14061/entry#sequences, https://www.nature.com/articles/s41598-022-10607-z#Sec10"
zach,Huntingtin-interacting protein K,MATEGDVELELETETSGPERPPEKPRKHDSGAADLERVTDYAEEKEIQSSNLETAMSVIGDRRSREQKAKQEREKELAKVTIKKEDLELIMTEMEISRAAAERSLREHMGNVVEALIALTN,3.88,,3.26,,,,,,,,,,,,,,,,,,,,,,,,,,,,,,computational,"https://disprot.org/DP00546, https://www.uniprot.org/uniprotkb/Q9NX55/entry#sequences, https://www.nature.com/articles/s41598-022-10607-z#Sec10"
zach,Beta-synuclein,MDVFMKGLSMAKEGVVAAAEKTKQGVTEAAEKTKEGVLYVGSKTREGVVQGVASVAEKTKEQASHLGGAVFSGAGNIAAATGLVKREEFPTDLKPEEVAQEAAEEPLIEPLMEPEGESYEDPPQEEYQEYEPEA,3.45,,3.18,,,,,,,,,,,,,,,,,,,,,,,,,,,,,,computational,"https://disprot.org/DP00555, https://www.uniprot.org/uniprotkb/Q16143/entry#sequences, https://www.nature.com/articles/s41598-022-10607-z#Sec10"
zach,Signal recognition particle 19 kDa protein,MACAAARSPADQDRFICIYPAYLNNKKTIAEGRRIPISKAVENPTATEIQDVCSAVGLNVFLEKNKMYSREWNRDVQYRGRVRVQLKQEDGSLCLVQFPSRKSVMLYAAEMIPKLKTRTQKTGGADQSLQQGEGSKKGKGKKKK,2.28,,2.67,,,,,,,,,,,,,,,,,,,,,,,,,,,,,,computational,"https://disprot.org/DP00570, https://www.uniprot.org/uniprotkb/P09132/entry#sequences, https://www.nature.com/articles/s41598-022-10607-z#Sec10"
zach,Calmodulin regulator protein PCP4,MSERQGAGATNGKDKTSGENDGQKKVQEEFDIDMDAPETERAAVAIQSQFRKFQKKKAGSQS,2.02,,2.13,,,,,,,,,,,,,,,,,,,,,,,,,,,,,,computational,"https://www.uniprot.org/uniprotkb/P48539/entry#sequences, https://disprot.org/DP00592, https://www.nature.com/articles/s41598-022-10607-z#Sec10"
Abdullah S,Polyglutamine-binding protein 1,MPLPVALQTRLAKRGILKHLEPEPEEEIIAEDYDDDPVDYEATRLEGLPPSWYKVFDPSCGLPYYWNADTDLVSWLSPHDPNSVVTKSAKKLRSSNADAEEKLDRSHDKSDRGHDKSDRSHEKLDGHDKSDRGHDKSDRDRERGYDKVDRERERDRERDRDRGYDKADREEGKERRHHRREELAPYPKSKKAVSRKDEELDPMDPSSYSDAPRGTWSTGLPKRNEAKTGADTTAAGPLFQQRPYPSPAVLRANAEASRTKQQD,3.7,,3.67,150,0,0,0,0,0,0,1,20,0,0,0,0,0,0,0,0,0,0,0,0,0,0,0,0,0,0,0,7.0,experimental,"https://www.uniprot.org/uniprotkb/O60828/entry#sequences, https://www.sasbdb.org/data/SASDED2/, https://pmc.ncbi.nlm.nih.gov/articles/PMC3318138/"
Abdullah S,Receptor-type tyrosine-protein phosphatase alpha,NNATTVAPSVGITRLINSSTAEPVKEEAKTSNPTSSLTSLSVAPTFSPNITLGPTYLTTVNSSDSDNGTTRTASTNSIGITISPNGTWLPDNQFTDARTEPWEGNSSTAATTPETFPPSDETDIGGLNDIFEAQKIQWHEILNVKSIDYKDDDDKASITLAAARLADPEEPKSCDKTHTCPPCPAPELLGGPSVFLFPPKPKDTLMISRTPEVTCVVVDVSHEDPEVKFNWYVDGVEVHNAKTKPREEQYNSTYRVVSVLTVLHQDWLNGKEYKCKVSNKALPAPIEKTISKAKGQPREPQVYTLPPSRDELTKNQVSLTCLVKGFYPSDIAVEWESNGQPENNYKTTPPVLDSDGSFFLYSKLTVDKSRWQQGNVFSCSVMHEALHNHYTQKSLSLSPGK,8.3,,,137,0,0,0,2.7,0,0,0,0,0,0,0,0,0,0,0,0,0,0,0,0,1,0,0,0,0,0,0,7.4,experimental,https://www.sasbdb.org/data/SASDV53/
Abdullah S,Retinoic acid receptor RXR-alpha,PVERILEAELAVEPKTETYVEANMGLNPSSPNDPVTNICQAADKQLFTLVEWAKRIPHFSELPLDDQVILLRAGWNELLIASFSHRSIAVKDGILLATGLHVHRNSAHSAGVGAIFDRVLTELVSKMRDMQMDKTELGCLRAIVLFNPDSKGLSNPAEVEALREKVYASLEAYCKHKYPEQPGRFAKLLLRLPALRSIGLKCLEHLFFFKLIGDTPIDTFLMEMLEAP,2.5,,,100,0,0,0,100,0,0,5,20,0,0,0,0,0,0,0,0,0,0,0,0,0,0,0,0,0,0,2,7.5,experimental,"https://www.sasbdb.org/data/SASDMU4/, https://www.sasbdb.org/molecule/3202, https://www.uniprot.org/uniprotkb/P19793/entry#sequences "
Abdullah S,Cytoplasmic envelopment protein 3,MGLSFSGTRPCCCRNNVLITDDGEVVSLTAHDFDVVDIESEEEGNFYVPPDMRGVTRAPGRQRLRSSDPPSRHTHRRTPGGACPATQFPPPMSDSEWSHPQFEK,2.4,,,100,0,0,0,0,0,0,0,0,0,0,0.5,0,0,0,0,50,0,0,0,0,0,0,0,0,0,0,0,7.5,experimental,https://www.sasbdb.org/data/SASDEX4/
Abdullah S,Myelin basic protein,AAQKRPSQRSKYLASASTMDHARHGFLPRHRDTGILDSLGRFFGSDRGAPKRGSGKDGHHAARTTHYGSLPQKAQGHRPQDENPVVHFFKNIVTPRTPPPSQGKGRGLSLSRFSWGAEGQKPGFGYGGRASDYKSAHKGLKGHDAQGTLSKIFKLGGRDSRSGSPMARR,3.3,,3.5,0,0,0,0,0,0,0,0,0,0,0,0,0,0,0,0,0,20,0,0,0,0,0,0,0,0,0,0,4.8,experimental,"https://www.sasbdb.org/data/SASDDF6/,https://www.nature.com/articles/s41598-017-05364-3 "
zach,Gamma-synuclein,MDVFKKGFSIAKEGVVGAVEKTKQGVTEAAEKTKEGVMYVGAKTKENVVQSVTSVAEKTKEQANAVSEAVVSSVNTVATKTVEEAENIAVTSGVVRKEDLRPSAPQQEGEASKEKEEVAEEAQSGGD,4.49,,3.21,,,,,,,,,,,,,,,,,,,,,,,,,,,,,,computational,"https://disprot.org/DP00630, https://www.uniprot.org/uniprotkb/O76070/entry#sequences, https://www.nature.com/articles/s41598-022-10607-z#Sec10"
zach,RING1 and YY1-binding protein,MTMGDKKSPTRPKRQAKPAADEGFWDCSVCTFRNSAEAFKCSICDVRKGTSTRKPRINSQLVAQQVAQQYATPPPPKKEKKEKVEKQDKEKPEKDKEISPSVTKKNTNKKTKPKSDILKDPPSEANSIQSANATTKTSETNHTSRPRLKNVDRSTAQQLAVTVGNVTVIITDFKEKTRSSSTSSSTVTSSAGSEQQNQSSSGSESTDKGSSRSSTPKGDMSAVNDESF,4.23,,4.38,,,,,,,,,,,,,,,,,,,,,,,,,,,,,,computational,"https://disprot.org/DP00694, https://www.uniprot.org/uniprotkb/Q8N488/entry#sequences, https://www.nature.com/articles/s41598-022-10607-z#Sec10"
zach,Brain acid soluble protein 1,MGGKLSKKKKGYNVNDEKAKEKDKKAEGAATEEEGTPKESEPQAAAEPAEAKEGKEKPDQDAEGKAEEKEGEKDAAAAKEEAPKAEPEKTEGAAEAKAEPPKAPEQEQAAPGPAAGGEAPKAAEAAAAPAESAAPAAGEEPSKEEGEPKKTEAPAAPAAQETKSDGAPASDSKPGSSEAAPSSKETPAATEAPSSTPKAQGPAASAEEPKPVEAPAANSDQTVTVKE,4.65,,4.41,,,,,,,,,,,,,,,,,,,,,,,,,,,,,,computational,"https://www.uniprot.org/uniprotkb/P80723/entry#sequences, https://disprot.org/DP00930, https://www.nature.com/articles/s41598-022-10607-z#Sec10"
zach,Neuromodulin,MLCCMRRTKQVEKNDDDQKIEQDGIKPEDKAHKAATKIQASFRGHITRKKLKGEKKDDVQAAEAEANKKDEAPVADGVEKKGEGTTTAEAAPATGSKPDEPGKAGETPSEEKKGEGDAATEQAAPQAPASSEEKAGSAETESATKASTDNSPSSKAEDAPAKEEPKQADVPAAVTAAAATTPAAEDAAAKATAQPPTETGESSQAEENIEAVDETKPKESARQDEGKEEEPEADQEHA,4.3,,4.44,,,,,,,,,,,,,,,,,,,,,,,,,,,,,,computational,"https://disprot.org/DP00951, https://www.uniprot.org/uniprotkb/P17677/entry#sequences, https://www.nature.com/articles/s41598-022-10607-z#Sec10"
zach,Nuclear factor erythroid 2-related factor 2,MMDLELPPPGLPSQQDMDLIDILWRQDIDLGVSREVFDFSQRRKEYELEKQKKLEKERQEQLQKEQEKAFFAQLQLDEETGEFLPIQPAQHIQSETSGSANYSQVAHIPKSDALYFDDCMQLLAQTFPFVDDNEVSSATFQSLVPDIPGHIESPVFIATNQAQSPETSVAQVAPVDLDGMQQDIEQVWEELLSIPELQCLNIENDKLVETTMVPSPEAKLTEVDNYHFYSSIPSMEKEVGNCSPHFLNAFEDSFSSILSTEDPNQLTVNSLNSDATVNTDFGDEFYSAFIAEPSISNSMPSPATLSHSLSELLNGPIDVSDLSLCKAFNQNHPESTAEFNDSDSGISLNTSPSVASPEHSVESSSYGDTLLGLSDSEVEELDSAPGSVKQNGPKTPVHSSGDMVQPLSPSQGQSTHVHDAQCENTPEKELPVSPGHRKTPFTKDKHSSRLEAHLTRDELRAKALHIPFPVEKIINLPVVDFNEMMSKEQFNEAQLALIRDIRRRGKNKVAAQNCRKRKLENIVELEQDLDHLKDEKEKLLKEKGENDKSLHLLKKQLSTLYLEVFSMLRDEDGKPYSPSEYSLQQTRDGNVFLVPKSKKPDVKKN,4.58,,5.46,,,,,,,,,,,,,,,,,,,,,,,,,,,,,,computational,"https://www.uniprot.org/uniprotkb/Q16236/entry#sequences, https://disprot.org/DP01115, https://www.nature.com/articles/s41598-022-10607-z#Sec10"
zach,Nuclear protein 2,MEAPAERALPRLQALARPPPPISYEEELYDCLDYYYLRDFPACGAGRSKGRTRREQALRTNWPAPGGHERKVAQKLLNGQRKRRQRQLHPKMRTRLT,2.26,,2.42,,,,,,,,,,,,,,,,,,,,,,,,,,,,,,computational,"https://disprot.org/DP01159, https://www.uniprot.org/uniprotkb/A6NF83/entry#sequence, https://www.nature.com/articles/s41598-022-10607-z#Sec10"
zach,Nucleolar and coiled-body phosphoprotein 1,MADAGIRRVVPSDLYPLVLGFLRDNQLSEVANKFAKATGATQQDANASSLLDIYSFWLKSAKVPERKLQANGPVAKKAKKKASSSDSEDSSEEEEEVQGPPAKKAAVPAKRVGLPPGKAAAKASESSSSEESSDDDDEEDQKKQPVQKGVKPQAKAAKAPPKKAKSSDSDSDSSSEDEPPKNQKPKITPVTVKAQTKAPPKPARAAPKIANGKAASSSSSSSSSSSSDDSEEEKAAATPKKTVPKKQVVAKAPVKAATTPTRKSSSSEDSSSDEEEEQKKPMKNKPGPYSSVPPPSAPPPKKSLGTQPPKKAVEKQQPVESSEDSSDESDSSSEEEKKPPTKAVVSKATTKPPPAKKAAESSSDSSDSDSSEDDEAPSKPAGTTKNSSNKPAVTTKSPAVKPAAAPKQPVGGGQKLLTRKADSSSSEEESSSSEEEKTKKMVATTKPKATAKAALSLPAKQAPQGSRDSSSDSDSSSSEEEEEKTSKSAVKKKPQKVAGGAAPSKPASAKKGKAESSNSSSSDDSSEEEEEKLKGKGSPRPQAPKANGTSALTAQNGKAAKNSEEEEEEKKKAAVVVSKSGSLKKRKQNEAAKEAETPQAKKIKLQTPNTFPKRKKGEKRASSPFRRVREEEIEVDSRVADNSFDAKRGAAGDWGERANQVLKFTKGKSFRHEKTKKKRGSYRGGSISVQVNSIKFDSE,5.65,,6.66,,,,,,,,,,,,,,,,,,,,,,,,,,,,,,computational,"https://disprot.org/DP01178, https://www.uniprot.org/uniprotkb/Q14978/entry#sequences, https://www.nature.com/articles/s41598-022-10607-z#Sec10"
zach,Protein phosphatase 1 regulatory subunit 15A,MAPGQAPHQATPWRDAHPFFLLSPVMGLLSRAWSRLRGLGPLEPWLVEAVKGAALVEAGLEGEARTPLAIPHTPWGRRPEEEAEDSGGPGEDRETLGLKTSSSLPEAWGLLDDDDGMYGEREATSVPRGQGSQFADGQRAPLSPSLLIRTLQGSDKNPGEEKAEEEGVAEEEGVNKFSYPPSHRECCPAVEEEDDEEAVKKEAHRTSTSALSPGSKPSTWVSCPGEEENQATEDKRTERSKGARKTSVSPRSSGSDPRSWEYRSGEASEEKEEKAHKETGKGEAAPGPQSSAPAQRPQLKSWWCQPSDEEEGEVKALGAAEKDGEAECPPCIPPPSAFLKAWVYWPGEDTEEEEDEEEDEDSDSGSDEEEGEAEASSSTPATGVFLKSWVYQPGEDTEEEEDEDSDTGSAEDEREAETSASTPPASAFLKAWVYRPGEDTEEEEDEDVDSEDKEDDSEAALGEAESDPHPSHPDQRAHFRGWGYRPGKETEEEEAAEDWGEAEPCPFRVAIYVPGEKPPPPWAPPRLPLRLQRRLKRPETPTHDPDPETPLKARKVRFSEKVTVHFLAVWAGPAQAARQGPWEQLARDRSRFARRITQAQEELSPCLTPAARARAWARLRNPPLAPIPALTQTLPSSSVPSSPVQTTPLSQAVATPSRSSAAAAAALDLSGRRG,5.03,,6.17,,,,,,,,,,,,,,,,,,,,,,,,,,,,,,computational,"https://disprot.org/DP01203, https://www.uniprot.org/uniprotkb/O75807/entry#sequences, https://www.nature.com/articles/s41598-022-10607-z#Sec10"
zach,Eukaryotic translation initiation factor 4E-binding protein 2,MSSSAGSGHQPSQSRAIPTRTVAISDAAQLPHDYCTTPGGTLFSTTPGGTRIIYDRKFLLDRRNSPMAQTPPCHLPNIPGVTSPGTLIEDSKVEVNNLNNLNNHDRKHAVGDDAQFEMDI,2.69,,2.77,,,,,,,,,,,,,,,,,,,,,,,,,,,,,,computational,"https://disprot.org/DP01293, https://www.uniprot.org/uniprotkb/Q13542/entry#sequences, https://www.nature.com/articles/s41598-022-10607-z#Sec10"
zach,PCNA-associated factor,MPLPVALQTRLAKRGILKHLEPEPEEEIIAEDYDDDPVDYEATRLEGLPPSWYKVFDPSCGLPYYWNADTDLVSWLSPHDPNSVVTKSAKKLRSSNADAEEKLDRSHDKSDRGHDKSDRSHEKLDRGHDKSDRGHDKSDRDRERGYDKVDRERERDRERDRDRGYDKADREEGKERRHHRREELAPYPKSKKAVSRKDEELDPMDPSSYSDAPRGTWSTGLPKRNEAKTGADTTAAGPLFQQRPYPSPGAVLRANAEASRTKQQD,3.74,,3.83,,,,,,,,,,,,,,,,,,,,,,,,,,,,,,computational,"https://disprot.org/DP01308, https://www.uniprot.org/uniprotkb/O60828/entry#sequences, https://www.nature.com/articles/s41598-022-10607-z#Sec10"
zach,P antigen family member 4,MVRTKADSVPGTYRKVVAARAPRKVLGSSTSATNSTSVSSRKAENKYAGGNPVCVRPTPKWQKGIGEFFRLSPKDSEKENQIPEEAGSSGLGKAKRKACPLQPDHTNDEKE,3.93,,3.3,,,,,,,,,,,,,,,,,,,,,,,,,,,,,,computational,"https://disprot.org/DP01425, https://www.uniprot.org/uniprotkb/Q15004/entry#sequences, https://www.nature.com/articles/s41598-022-10607-z#Sec10"
zach,Prothymosin alpha,MSDAAVDTSSEITTKDLKEKKEVVEEAENGRDAPANGNAENEENGEQEADNEVDEEEEEGGEEEEEEEEGDGEEEDGDEDEEAESATGKRAAEDDEDDDVDTKKQKTDEDD,3.28,,3.18,,,,,,,,,,,,,,,,,,,,,,,,,,,,,,computational,"https://disprot.org/DP01677, https://www.uniprot.org/uniprotkb/P06454/entry#sequences, https://www.nature.com/articles/s41598-022-10607-z#Sec10"
zach,High mobility group protein HMGI-C,MSARGEGAGQPSTSAQGQPAAPAPQKRGRGRPRKQQQEPTGEPSPKRPRGRPKGSKNKSPSKAAQKKAEATGEKRPRGRPRKWPQQVVQKKPAQEETEETSSQESAEED,4.78,,3.5,,,,,,,,,,,,,,,,,,,,,,,,,,,,,,computational,"https://disprot.org/DP01876, https://www.uniprot.org/uniprotkb/P52926/entry#sequences, https://www.nature.com/articles/s41598-022-10607-z#Sec10"
zach,Achaete-scute homolog 1,MESSAKMESGGAGQQPQPQPQQPFLPPAACFFATAAAAAAAAAAAAAQSAQQQQQQQQQQQQAPQLRPAADGQPSGGGHKSAPKQVKRQRSSSPELMRCKRRLNFSGFGYSLPQQQPAAVARRNERERNRVKLVNLGFATLREHVPNGAANKKMSKVETLRSAVEYIRALQQLLDEHDAVSAAFQAGVLSPTISPNYSNDLNSMAGSPVSSYSSDEGSYDPLSPEEQELLDFTNWF,3.98,,4.14,,,,,,,,,,,,,,,,,,,,,,,,,,,,,,computational,"https://disprot.org/DP01942, https://www.uniprot.org/uniprotkb/P50553/entry#sequences, https://www.nature.com/articles/s41598-022-10607-z#Sec10"
zach,Alpha-S1-casein,MRLLILTCLVAVALARPKLPLRYPERLQNPSESSEPIPLESREEYMNGMNRQRNILREKQTDEIKDTRNESTQNCVVAEPEKMESSISSSSEEMSLSKCAEQFCRLNEYNQLQLQAAHAQEQIRRMNENSHVQVPFQQLNQLAAYPYAVWYYPQIMQYVPFPPFSDISNPTAHENYEKNNVMLQW,3.65,,3.57,,,,,,,,,,,,,,,,,,,,,,,,,,,,,,computational,"https://disprot.org/DP02005, https://www.uniprot.org/uniprotkb/P47710/entry#sequences, https://www.nature.com/articles/s41598-022-10607-z#Sec10"
zach,C-C motif chemokine 28,MQQRGLAIVALAVCAALHASEAILPIASSCCTEVSHHISRRLLERVNMCRIQRADGDCDLAAVILHVKRRRICVSPHNHTVKQWMKVQAAKKNGKGNVCHRKKHHGKRNSNRAHQGKHETYGHKTPY,1.79,,2.3,,,,,,,,,,,,,,,,,,,,,,,,,,,,,,computational,"https://disprot.org/DP02010, https://www.uniprot.org/uniprotkb/Q9NRJ3/entry#sequences, https://www.nature.com/articles/s41598-022-10607-z#Sec10"
zach,Humanin,MAPRGFSCLLLLTSEIDLPVKRRA,1.19,,1.31,,,,,,,,,,,,,,,,,,,,,,,,,,,,,,computational,"https://disprot.org/DP02267, https://www.uniprot.org/uniprotkb/Q8IVG9/entry#sequences, https://www.nature.com/articles/s41598-022-10607-z#Sec10"
zach,Synaptopodin,MLGPHLPPPPLAPSEGRPTPCAFQIPDGSYRCLALEAEESSGEEGLQGEVGPTDLEEDEGVSRSGDDSACRVTQGTPQLPKALGIQPPSCSREEQGASQHDDRASQDWDVVKAGQMMTASPSPGPGPRVAQKPALGRSTSLTEKDLKEAKARSQQIAAQLTTPPSSNSRGVQLFNRRRQRVNEFTLESHGQRGQKPSQESLRVLPSSLPGHAPGLSLSSTSLPEPGPPRHPSPQSPDRGVPGHSMEGYSEEASLLRHLEKVASEEEEVPLVVYLKENAALLTANGLHLSQNREAQQSSPAPPPAEVHSPAADVNQNLASPSATLTTPTSNSSHNPPATDVNQNPPATVVPQSLPLSSIQQNSSEAQLPSNGTGPASKPSTLCADGQPQAPAEEVRCSTLLIDKVSTPATTTSTFSREATLIPSSRPPASDFMSSSLLIDIQPNTLVVSADQEMSGRAAATTPTKVYSEVHFTLAKPPSVVNRTARPFGIQAPGGTSQMERSPMLERRHFGEKAPAPQPPSLPDRSPRPQRHIMSRSPMVERRMMGQRSPASERRPLGNFTAPPTYTETLSTAPLASWVRSPPSYSVLYPSSDPKSSHLKGQAVPASKTGILEESMARRGSRKSMFTFVEKPKVTPNPDLLDLVQTADEKRRQRDQGEVGVEEEPFALGAEASNFQQEPAPRDRASPAAAEEVVPEWASCLKSPRIQAKPKPKPNQNLSEASGKGAELYARRQSRMEKYVIESSSHTPELARCPSPTMSLPSSWKYPTNAPGAFRVASRSPARTPPASLYHGYLPENGVLRPEPTKQPPYQLRPSLFVLSPIKEPAKVSPRAASPAKPSSLDLVPNLPKGALPPSPALPRPSRSSPGLYTSPGQDSLQPTAVSPPYGGDISPVSPSRAWSPRAKQAPRPSFSTRNAGIEAQVWKPSFCFK,5.67,,6.98,,,,,,,,,,,,,,,,,,,,,,,,,,,,,,computational,"https://disprot.org/DP02911, https://www.uniprot.org/uniprotkb/Q8N3V7/entry#sequences, https://www.nature.com/articles/s41598-022-10607-z#Sec10"
zach,G0/G1 switch protein 2,METVQELIPLAKEMMAQKRKGKMVKLYVLGSVLALFGVVLGLMETVCSPFTAARRLRDQEAAVAELQAALERQALQKQALQEKGKQQDTVLGGRALSNRQHAS,4.07,,2.86,,,,,,,,,,,,,,,,,,,,,,,,,,,,,,computational,"https://disprot.org/DP03365, https://www.uniprot.org/uniprotkb/P27469/entry#sequences, https://www.nature.com/articles/s41598-022-10607-z#Sec10"
zach,Transcription factor YY2,MASNEDFSITQDLEIPADIVELHDINVEPLPMEDIPTESVQYEDVDGNWIYGGHNHPPLMVLQPLFTNTGYGDHDQEMLMLQTQEEVVGYCDSDNQLGNDLEDQLALPDSIEDEHFQMTLASLSASAASTSTSTQSRSKKPSKKPSGKSATSTEANPAGSSSSLGTRKWEQKQMQVKTLEGEFSVTMWSPNDNNDQGAVGEGQAENPPDYSEYLKGKKLPPGGLPGIDLSDPKQLAEFTKVKPKRSKGEPPKTVPCSYSGCEKMFRDYAAMRKHLHIHGPRVHVCAECGKAFLESSKLRRHQLVHTGEKPFQCTFEGCGKRFSLDFNLRTHLRIHTGDKPFVCPFDVCNRKFAQSTNLKTHILTHVKTKNNP,3.54,,4.3,,,,,,,,,,,,,,,,,,,,,,,,,,,,,,computational,"https://disprot.org/DP03369, https://www.uniprot.org/uniprotkb/O15391/entry#sequences, https://www.nature.com/articles/s41598-022-10607-z#Sec10"
zach,cAMP-regulated phosphoprotein 19,MSAEVPEAASAEEQKEMEDKVTSPEKAEEAKLKARYPHLGQKPGGSDFLRKRLQKGQKYFDSGDYNMAKAKMKNKQLPTAAPDKTEVTGDHIPTPQDLPQRKPSLVASKLAG,2.81,,2.81,,,,,,,,,,,,,,,,,,,,,,,,,,,,,,computational,"https://www.uniprot.org/uniprotkb/P56211/entry#sequences, https://disprot.org/DP03404, https://www.nature.com/articles/s41598-022-10607-z#Sec10"
zach,Death-associated protein 1,MSSPPEGKLETKAGHPPAVKAGGMRIVQKHPHTGDTKEEKDKDDQEWESPSPPKPTVFISGVIARGDKDFPPAAAQVAHQKPHASMDKHPSPRTQHIQQPRK,2.89,,2.76,,,,,,,,,,,,,,,,,,,,,,,,,,,,,,computational,"https://www.uniprot.org/uniprotkb/P51397/entry#sequences, https://disprot.org/DP03407, https://www.nature.com/articles/s41598-022-10607-z#Sec10"
zach,Myozenin-1,MPLSGTPAPNKKRKSSKLIMELTGGGQESSGLNLGKKISVPRDVMLEELSLLTNRGSKMFKLRQMRVEKFIYENHPDVFSDSSMDHFQKFLPTVGGQLGTAGQGFSYSKSNGRGGSQAGGSGSAGQYGSDQQHHLGSGSGAGGTGGPAGQAGRGGAAGTAGVGETGSGDQAGGEGKHITVFKTYISPWERAMGVDPQQKMELGIDLLAYGAKAELPKYKSFNRTAMPYGGYEKASKRMTFQMPKFDLGPLLSEPLVLYNQNLSNRPSFNRTPIPWLSSGEPVDYNVDIGIPLDGETEEL,4.15,,4.44,,,,,,,,,,,,,,,,,,,,,,,,,,,,,,computational,"https://disprot.org/DP03529, https://www.uniprot.org/uniprotkb/Q9NP98/entry#sequences, https://www.nature.com/articles/s41598-022-10607-z#Sec10"
zach,Dysbindin domain-containing protein 1,"MEPPEGAGTGEIVKEAEVPQAALGVPAQGTGDNGHTPVEEEVGGIPVPAPGLLQVTERRQPLSSVSSLEVHFDLLDLTELTDMSDQELAEVFADSDDENLNTESPAGLHPLPRAGYLRSPSWTRTRAEQSHEKQPLGDPERQATVLDTFLTVERPQED",3.99,,3.76,,,,,,,,,,,,,,,,,,,,,,,,,,,,,,computational,"https://disprot.org/DP03700 , https://www.uniprot.org/uniprotkb/Q9H9R9/entry#sequences , https://www.nature.com/articles/s41598-022-10607-z#Sec10"
zach,Uncharacterized protein CXorf51A,MAKVTSEPQKPNEDVDEQTPSTSSTKGRKKGKTPRQRRSRSGVKGLKTTRKAKRPLRGSSSQKAGETNTPAGKPKKARGPILRGRYHRLKEKMKKEEADKEQSETSVL,4.1,,3.37,,,,,,,,,,,,,,,,,,,,,,,,,,,,,,computational,"https://disprot.org/DP03704, https://www.uniprot.org/uniprotkb/A0A1B0GTR3/entry#sequences, https://www.nature.com/articles/s41598-022-10607-z#Sec10"
zach,Active regulator of SIRT1,MSAALLRRGLELLAASEAPRDPPGQAKPRGAPVKRPRKTKAIQAQKLRNSAKGKVPKSALDEYRKRECRDHLRVNLKFLTRTRSTVAESVSQQILRQNRGRKACDRPVAKTKKKKAEGTVFTEEDFQKFQQEYFGS,3.41,,3.19,,,,,,,,,,,,,,,,,,,,,,,,,,,,,,computational,"https://disprot.org/DP03988, https://www.uniprot.org/uniprotkb/Q86WX3/entry#sequences, https://www.nature.com/articles/s41598-022-10607-z#Sec10"
Abdullah M,"N-terminal domain of S. cerevisiae eukaryotic initiation factor 4F subunit p150, eIF4G1 (Tif4631)",GSMTDETAHPTQSASKQESAALKQTGDDQQESQQQRGYTNYNNGSNYTQKKPYNSNRPHQQRGGKFGPNRYNNRGNYNGGGSFRGGHMGANSSNVPWTGYYNNYPVYYQPQQMAAAGSAPANPIPVEEKSPVPTKIEITTKSGEHLDLKEQHKAKLQSQERSTVSPQPESKLKETSDSTSTSTPTPTPSTNDSKASSEENISEAEKTRRNFIEQVKLRKAALEKKRKEQLEGSSGNNNIPMKTTPENVEEK,5.2,,,25,0,0,25,0,0,0,0,0,0,0,0,0,0,0,0,0,0,0,0,0,0,0,0,0,0,0,0,6.5,experimental,"https://www.uniprot.org/uniprotkb/P39935/entry#sequences, https://www.sasbdb.org/data/SASDP88/"
Abdullah M,G. gallus TRPV4 intrinsically disordered N-terminus,ADPEDPRDAGDVLGDDSFPLSSLANLFEVEDTPSPAEPSRGPPGAVDGKQNLRMKFHGAFRKGPPKPMELLESTIYESSVVPAPKKAPMDSLFDYGTYRQHPSENKRWRRRVVEKPVAGTKGPAPNPPPILKV,3.2,,,100,0,0,0,0,0,0,10,20,0,0,0,0,0,0,0,0,0,0,0,0,0,0,0,0,0,0,0,7,experimental,"https://www.sasbdb.org/data/SASDQM8/, https://www.uniprot.org/uniprotkb/A0A1D5PXA5/entry#sequences"
Abdullah M,RNase E C-terminal IDR,ERQQDRRKPRQNNRRDRNERRDTRSERTEGSDNREENRRNRRQAQQQTAETRESRQQAEVTEKARTADEQQAPRRERSRRRNDDKRQAQQEAKALNVEEQSVQETEQEERVRPVQPRRKQRQLNQKVRYEQSVAEEAVVAPVVEETVAAEPIVQEAPAPRTELVKVPLPVVAQTAPEQQEENNADNRDNGGMPRRSRRSPRHLRVSGQRRRRYRDERYPTQSPMPLTVACASPELASGKVWIRYPIVRHHHHHH,5.3,,,100,0,0,0,100,0,0,10,0,50,10,0,0,0,0,0,0,0,0,0,0,0,0,0,0,0,0,0,7.5,experimental,"https://www.sasbdb.org/molecule/697, https://www.sasbdb.org/data/SASDCY4/"
Abdullah M,Early E1A protein,GSMSHFEPPTLHELYDLDVTAPEDPNEEAVSQIFPDSVMLAVQEGIDLLTFPPAPGSPEPPHLSRQPEQPEQRALGPVSMPNLVPEVIDLYCYEQLNPPSDDEDEEGEEFVLDY,4,,,200,20,0,0,0,0,0,1,0,0,0,0,0,0,0,0,0,0,0,0,0,0,0,0,0,0,0,0,7,experimental,"https://www.sasbdb.org/molecule/3629, https://www.sasbdb.org/data/SASDNN6/"
Abdullah M,Region within the N-terminal domain of P/V/W protein of Hendra virus,MSYYHHHHHHLESTSLYKKAGSTPTEEPPVIPEYYYGSGRRGDLSKSPPRGNVNLDSIKIYTSDDEDENQLEYEDEFAKSSSEVVIDTTPEDNDSINQEEVVGDPSDQGLEHPFPLGKFPEKEETPDVRRKDS,3.7,,,0,50,0,0,0,0,0,0,0,0,0,0,0,0,0,0,0,0,0,0,0,0,0,0,0,0,0,0,7.2,experimental,"https://www.sasbdb.org/data/SASDQB7/, https://www.sasbdb.org/molecule/4159"
Abdullah M,"Ash1 (yeast transcriptional regulator, full-length IDP used as model)",SASSSPSPSTPTKSGKMRSRSSSPVRPKAYTPSPRSPNYHRFALDSPPQSPRRSSNSSITKKGSRRSSGSSPTRHTTRVCV,2.85,,,150,0,0,0,0,0,0,5,50,0,0,2,0,0,0,0,0,0,0,0,0,0,0,0,0,0,0,0,7.5,experimental,"https://pubs.acs.org/doi/10.1021/jacs.6b10272, https://pmc.ncbi.nlm.nih.gov/articles/PMC8148376, https://pubs.acs.org/doi/10.1021/jacs.6b10272,"
Abdullah M,Histatin-3,DSHAKRHHGYKRKFHEKHHSHRGY,1.4,,,150,0,0,0,0,0,0,0,20,0,0,0,0,0,0,0,0,0,0,0,0,0,0,0,0,0,0,0,7,experimental,"https://www.sasbdb.org/data/SASDHF8/, uniprot.org/uniprot/P15516"
Abdullah M, Importin Beta Binding domain (IBB) from importin subunit alpha-1,GCTNENANTPAARLHRFKNKGKDSTEMRRRRIEVNVELRKAKKDDQMLKRRNVSSFPDDATSPLQENRNNQGTVNWSVDDIVKGINSSNVENQLQATUA,3.2,,,137,0,10,1.8,2.7,0,0,10,0,0,0,0,0,0,0,0,0,0,0,0,0,0,0,0,0,0,0,0,7.4,experimental,"https://www.sasbdb.org/molecule/1234, https://www.sasbdb.org/data/SASDER2/, uniprot.org/uniprotkb/P52292"
Abdullah M,Syndecan-1,GSSHHHHHHSSGLVPRGSHMQIVATNLPPEDQDGSGDDSDNFSGSGAGALQDITLSQQTPSTWKDTQLLTAIPTSPEPTGLEATAASTSTLPAGEGPKEGEAVVLPEVEPGLTAREQEATPRPRETTQLPTTHLASTTTATTAQEPATSHPHRDMQPGHHETSTPAGPSQADLHTPHTEDGGPSATERAAEDGASSQLPAAEGSGEQDFTFETSGENTAVVAVEPDRRNQSPVDQGATGASQGLLDRKEVLGDYKDDDDK,5.3,,,150,0,0,0,0,0,0,0,0,0,0,0,0,0,0,0,10,0,0,0,0,0,0,0,0,0,0,0,7.4,experimental,"https://www.sasbdb.org/data/SASDL69/, https://www.sasbdb.org/molecule/3122, https://www.uniprot.org/uniprotkb/P18827"
Abdullah M,Ectodomain of human syndecan-2,GSSHHHHHHSSGLVPRGSHMESRAELTSDKDMYLDNSSIEEASGVYPIDDDDYASASGSGADEDVESPELTTSRPLPKILLTSAAPKVETTTLNIQNKIPAQTKSPEETDKEKVHLSDSERKMDPAEEDTNVYTEKHSDSLFKRTEDYKDDDDK,4.3,,,150,0,0,0,0,0,0,0,0,0,0,0,0,0,0,0,10,0,0,0,0,0,0,0,0,0,0,0,7.4,experimental,"https://www.sasbdb.org/molecule/3118, https://www.sasbdb.org/data/SASDL79/, https://www.uniprot.org/uniprotkb/P34741/entry, "
Abdullah M ,Ectodomain of human syndecan-3,MGSSHHHHHHSSGLVPRGSMAQRWRSENFERPVDLEGSGDDDSFPDDELDDLYSGSGSGYFEQESGIETAMETRFSPDVALAVSTTPAVLPTTNIQPVGTPFEELPSERPTLEPATSPLVVTEVPEEPSQRATTVSTTMETATTAATSTGDPTVATVPATVATATPSTPAAPPFTATTAVIRTTGVRRLLPLPLTTVATARATTPEAPSPPTTAAVLDTEAPTPRLVSTATSRPRALPRPATTQEPDIPERSTLPLGTTAPGPTEVAQTPTPETFLTTIRDEPEVPVSGGPSGDFELPEEETTQPDTANEVVAVGGAAAKASSPPGTLPKGARPGPGLLDNAIDSGSSAAQLPQKSILERKEVLVDYKDDDDK,6.5,,,150,0,0,0,0,0,0,0,0,0,0,0,0,0,0,0,10,0,0,0,0,0,0,0,0,0,0,0,7.4,experimental,"https://www.sasbdb.org/data/SASDL89/, https://www.sasbdb.org/molecule/3119, https://www.uniprot.org/uniprotkb/O75056/entry"
Abdullah M ,syndecan-4,GSSHHHHHHSSGLVPRGSHMESIRETEVIDPQDLLEGRYFSGALPDDEDVVGPGQESDDFELSGSGDLDDLEDSMIGPEVVHPLVPLDNHIPERAGSGSQVPTEPKKLEENEVIPKRISPVEESEDVSNKVSMSSTVQGSNIFERTEVLAGCPEHDYKDDDDK,4.2,,,150,0,0,0,0,0,0,0,0,0,0,0,0,0,0,0,10,0,0,0,0,0,0,0,0,0,0,0,7.4,experimental,"https://www.sasbdb.org/data/SASDL99/, https://www.uniprot.org/uniprotkb/P31431/entry"
Abdullah M,HMBG1,GKGDPKKPRG KMSSYAFFVQTCREEHKKKHPDASVNFSEFSKKCSERWKTMSAKEKGKFEDMAKADKARY EREMKTYIPPKGETKKKFKDPNAPKRPPSAFFLFCSEYRP KIKGEHPGLSIGDVAKKLGEMWNNTAADDKQPYEKKAAKLKEKYEKDIAAYRAKGKPDAAKKGVVKAEKSKKKKEEEEDEEDEEDEEEEEDEEDEDEEEDDDDD,2.6,,,50,0,0,0,0,0,0,0,20,0,0,0,0,0,0,0,0,0,0,0,0,0,0,0,0,0,0,0,7.5,experimental,"https://www.sasbdb.org/data/SASDRH9/, uniprot.org/uniprotkb/P63159"
Abdullah M,"Mothers against decapentaplegic homolog 4 (linker-MH2)",GAMSNAPSSMMVKDEYVHDFEGQPSLSTEGHSIQTIQHPPSNRASTETYSTPALLAPSESNATSTANFPNIPVASTSQPASILGGSHSEGLLQIASGPQPGQQQNGFTGQPATYHHNSTTTWTGSRTAPYTPNLPHHQNGHLQHHPPMPPHPGHYWPVHNELAFQPPISNHPAPEYWCSIAYFEMDVQVGETFKVPSSCPIVTVDGYVDPSGGDRFCLGQLSNVHRTEAIERARLHIGKGVQLECKGEGDVWVRCLSDHAVFVQSYYLDREAGRAPGDAVHKIYPSAYIKVFDLRQCHRQMQQQAATAQAAAAAQAAAVAGNIPGPGSVGGIAPAISLSAAAGIGVDDLRRLCILRMSFVKGWGPDYPRQSIKETPCWIEIHLHRALQLLDEVLHTMPIADPQPLD,3.3,,,150,0,0,0,0,0,0,0,20,0,0,0,0,0,0,0,0,0,0,0,0,0,0,0,0,0,0,0,7.2,experimental,"http://sasbdb.org/molecule/2794, https://www.sasbdb.org/data/SASDKE9/"
Abdullah S,Segment S(26-45) of the Neurofilament low intrinsically disordered tail domain,SAYSGLQSSSYLMSARSFPA,1.2,,,0,0,0,0,0,0,0,0,20,0,0,0,0,0,0,0,0,0,0,0,0,0,0,0,0,0,0,0,8.0,experimental,https://www.sasbdb.org/data/SASDS93/
Abdullah S,Segment S(66-81) of the Neurofilament low intrinsically disordered tail domain,ATKAEEAKDEPPSEGEA,1.1,,,0,0,0,0,0,0,0,0,20,0,0,0,0,0,0,0,0,0,0,0,0,0,0,0,0,0,0,0,8.0,experimental,https://www.sasbdb.org/data/SASDSC3/
Abdullah S,Segment S(130-143) of the Neurofilament low intrinsically disordered tail domain,SEEEEKKEESAGEEQV,1.2,,,0,0,0,0,0,0,0,0,20,0,0,0,0,0,0,0,0,0,0,0,0,0,0,0,0,0,0,0,8.0,experimental,https://www.sasbdb.org/data/SASDSY4/
Abdullah S,RD domain of B. Pertussis Adenylate Cyclase Toxin (CyaA) (Holo form),MLEHVQHIIGGAGNDSITGNAHDNFLAGGSGDDRLDGGAGNDTLVGGEGQNTVIGGAGDDVFLQDLGVWSNQLDGGAGVDTVKYNVHQPSEERLERMGDTGIHADLQKGTVEKWPALNLFSVDHVKNIENLHGSRLNDRIAGDDQDNELWGHDGNDTIRGRGGDDILRGGLGLDTLYGEDGNDIFLQDDETVSDDIDGGAGLDTVDYSAMIHPGRIVAPHEYGFGIEADLSREWVRKASALGVDYYDNVRNVENVIGTSMKDVLIGDAQANTLMGQGGDDTVRGGDGDDLLFGGDGNDMLYGDAGNDTLYGGLGDDTLEGGAGNDWFGQTQAREHDVLRGGDGVDTVDYSQTGAHAGIAAGRIGLGILADLGAGRVDKLGEAGSSAYDTVSGIENVVGTELADRITGDAQANVLRGAGGADVLAGGEGDDVLLGGDGDDQLSGDAGRDRLYGEAGDDWFFQDAANAGNLLDGGDGRDTVDFSGPGRGLDAGAKGVFLSLGKGFASLMDEPETSNVLRNIENAVGSARDDVLIGDAGANVLNGLAGNDVLSGGAGDDVLLGDEGSDLLSGDAGNDDLFGGQGDDTYLFGVGYGHDTIYESGGGHDTIRINAGADQLWFARQGNDLEIRILGTDDALTVHDWYRDADHRVEIIHAANQAVDQAGIEKLVEAMAQYPDPGAAAAAPPAARVPDTLMQSLAVNWR,4.4,,3.2,150,0,0,0,0,0,0,2,0,0,0,0,0,0,4,0,20,0,0,0,0,0,0,0,0,0,0,0,7.5,experimental,"https://www.sasbdb.org/data/SASDGM5/, https://pmc.ncbi.nlm.nih.gov/articles/PMC2998614/"
Abdullah S,RD domain of B. Pertussis Adenylate Cyclase Toxin (CyaA) (apo form),MLEHVQHIIGGAGNDSITGNAHDNFLAGGSGDDRLDGGAGNDTLVGGEGQ NTVIGGAGDDVFLQDLGVWSNQLDGGAGVDTVKYNVHQPSEERLERMGDT GIHADLQKGTVEKWPALNLFSVDHVKNIENLHGSRLNDRIAGDDQDNELW GHDGNDTIRGRGGDDILRGGLGLDTLYGEDGNDIFLQDDETVSDDIDGGA GLDTVDYSAMIHPGRIVAPHEYGFGIEADLSREWVRKASALGVDYYDNVR NVENVIGTSMKDVLIGDAQANTLMGQGGDDTVRGGDGDDLLFGGDGNDML YGDAGNDTLYGGLGDDTLEGGAGNDWFGQTQAREHDVLRGGDGVDTVDYS QTGAHAGIAAGRIGLGILADLGAGRVDKLGEAGSSAYDTVSGIENVVGTE LADRITGDAQANVLRGAGGADVLAGGEGDDVLLGGDGDDQLSGDAGRDRL YGEAGDDWFFQDAANAGNLLDGGDGRDTVDFSGPGRGLDAGAKGVFLSLG KGFASLMDEPETSNVLRNIENAVGSARDDVLIGDAGANVLNGLAGNDVLS GGAGDDVLLGDEGSDLLSGDAGNDDLFGGQGDDTYLFGVGYGHDTIYESG GGHDTIRINAGADQLWFARQGNDLEIRILGTDDALTVHDWYRDADHRVEI IHAANQAVDQAGIEKLVEAMAQYPDPGAAAAAPPAARVPDTLMQSLAVNWR,8.3,,7.3,150,0,0,0,0,0,0,2,0,0,0,0,0,0,0,0,20,0,0,0,0,0,0,0,0,0,0,0,7.5,experimental,"https://www.sasbdb.org/data/SASDGN5/, https://pmc.ncbi.nlm.nih.gov/articles/PMC2998614/"
zach,Non-histone chromosomal protein HMG-14,MPKRKVSSAEGAAKEEPKRRSARLSAKPPAKVEAKPKKAAAKDKSSDKKVQTKGKRGAKGKQAEVANQETKEDLPAENGETKTEESPASDEAGEKEAKSD,3.89,,3.21,,,,,,,,,,,,,,,,,,,,,,,,,,,,,,computational,"https://disprot.org/DP04177, https://www.uniprot.org/uniprotkb/P05114/entry#sequences, https://www.nature.com/articles/s41598-022-10607-z#Sec10"
zach,N-cym protein,MQHPPCEPGNCLSLKEKKITEGSGGVCWGGETDASNPAPALTACCAAEREANVEQGLAGRLLLCNYERRVVRRCKIAGRGRAPLGTRPLDVSSFKLKEEGRPPCLKINK,2.64,,2.76,,,,,,,,,,,,,,,,,,,,,,,,,,,,,,computational,"https://www.uniprot.org/uniprotkb/P40205/entry#sequences, https://disprot.org/DP04244, https://www.nature.com/articles/s41598-022-10607-z#Sec10"
zach,Protein phosphatase 1 regulatory subunit 15B,MEPGTGGSRKRLGPRAGFRFWPPFFPRRSQAGSSKFPTPLGPENSGNPTLLSSAQPETRVSYWTKLLSQLLAPLPGLLQKVLIWSQLFGGMFPTRWLDFAGVYSALRALKGREKPAAPTAQKSLSSLQLDSSDPSVTSPLDWLEEGIHWQYSPPDLKLELKAKGSALDPAAQAFLLEQQLWGVELLPSSLQSRLYSNRELGSSPSGPLNIQRIDNFSVVSYLLNPSYLDCFPRLEVSYQNSDGNSEVVGFQTLTPESSCLREDHCHPQPLSAELIPASWQGCPPLSTEGLPEIHHLRMKRLEFLQQASKGQDLPTPDQDNGYHSLEEEHSLLRMDPKHCRDNPTQFVPAAGDIPGNTQESTEEKIELLTTEVPLALEEESPSEGCPSSEIPMEKEPGEGRISVVDYSYLEGDLPISARPACSNKLIDYILGGASSDLETSSDPEGEDWDEEAEDDGFDSDSSLSDSDLEQDPEGLHLWNSFCSVDPYNPQNFTATIQTAARIVPEEPSDSEKDLSGKSDLENSSQSGSLPETPEHSSGEEDDWESSADEAESLKLWNSFCNSDDPYNPLNFKAPFQTSGENEKGCRDSKTPSESIVAISECHTLLSCKVQLLGSQESECPDSVQRDVLSGGRHTHVKRKKVTFLEEVTEYYISGDEDRKGPWEEFARDGCRFQKRIQETEDAIGYCLTFEHRERMFNRLQGTCFKGLNVLKQC,4.91,,6.06,,,,,,,,,,,,,,,,,,,,,,,,,,,,,,computational,"https://www.uniprot.org/uniprotkb/Q5SWA1/entry#function, https://disprot.org/DP04264, https://www.nature.com/articles/s41598-022-10607-z#Sec10"
Abdullah S,ProNGF,MEPYTDSNVPEGDSVPEAHWTKLQHSLDTALRRARSAPTAPIAARVTGQTRNITVDPRLFKKRRLHSPRVLFSTQPPPTSSDTLDLDFQAHGTIPFNRTHRSKRSSTHPVFHMGEFSVCDSVSVWVGDKTTATDIKGKEVTVLAEVNINNSVFRQYFFET KCRASNPVESGCRGIDSKHWNSYCTTTHTFVKALTTDEKQAAWRFIRIDTACVCVLSRKATR,2.6,,,0,50,0,0,0,0,0,0,0,0,0,0,0,0,0,0,0,0,0,0,0,0,0.5,0,0,0,0,0,7.0,experimental,"https://www.sasbdb.org/data/SASDAR5/, https://www.sasbdb.org/molecule/99"
Abdullah S,Retinoblastoma-associated protein,GEFNTIQQLMMILNSASDQPSENLISYFNNCTVNPKESILKRVKDIGYIFKEKFAKAVGQGCVEIGSQRYKLGVRLYYRVMESMLKSEEERLSIQNFSKLLNDNIFHMSLLACALEVVMATYSRSTSQNLDSGTDLSFPW ILNVLNLKAFDFYKVIESFIKAEGNLTREMIKHLERCEHRIMESLAWLSDSPLFDLIKQSKLVPRGSKSTSLSLFYKKVYRLAYLRLNTLCERLLSEHPELEHIIWTLFQHTLQNEYELMRDRHLDQIMMCSMYGICKVK NIDLKFKIIVTAYKDLPHAVQETFKRVLIKEEEYDSIIVFYNSVFMQRLKTNILQYASTRPPTLSPIPHIPR,2.4,,,200,20,0,0,0,0,0,1,0,0,0,0,0,0,0,0,0,0,0,0,0,0,0,0,0,0,0,0,7.0,experimental,"https://www.sasbdb.org/data/SASDNK6/, https://www.sasbdb.org/molecule/3628"
Abdullah S,"Microtubule-associated protein 2, isoform 3",MADERKDEGKAPHWTSASLTEAAAHPHSPEMKDQGGSGEGLSRSANGFPYREEEEGAFGEHGSQGTYSDTKENGINGELTSADRETAEEVSARIVQVVTAEAVAVLKGEQEKEAQHKDQPAALPLAAEETVNLPPSPPPSPASEQTAALEEATSGESAQAPSAFKQAKDKVTDGITKSPEKRSSLPRPSSILPPRRGVSGDREENSFSLNSSISSARRTTRSEPIRRAGKSGTSTPTTPGSTAITPGTPPSYSSRTPGTPGTPSYPRTPGTPKSGILVPSEKKVAIIRTPPKSPATPKQLRLINQPLPDLKNVKSKIGSTDNIKYQPKGGQVQIVTKKIDLSHVTSKCGSLKNIRHRPGGGRVKIESVKLDFKEKAQAKVGSLDNAHHVPGGGNVKIDSQKLNFREHAKARVDHGAEIITQSPSRSSVASPRRLSNVSSSGSINLLESPQLATLAEDVTAALAKQGL,8.3,,,150,0,0,0,0,0,0,0,0,0,0,0,0,0,0,0,0,0,0,0,0,0,0,50,4.6,0,0,0,6.9,experimental,"https://www.sasbdb.org/molecule/917, https://www.sasbdb.org/data/SASDD62/, https://www.uniprot.org/uniprotkb/P15146/entry#sequences"
Abdullah S,Endoglucanase-4,HGHVNYFNDGAEKFEGYDVTKLPYQNPAPDVYGWANGATDNGFVAPSAYTGADIICHRDSKNAALTAKVAAGDKLQIFWDTWPESHKGPVIDYLASCGDDCSTVDKTSLEFFKIQEAGLTSGSWASDELIAKNFSWEVTIPTSLKPGKYVWRHEIIALHSAGQEDGAQNYPQCLNIEVTGSGSELPAGTKGTSLYTPTDAGILVSIYNNLDSYEIPGPKLPAAFGGSGSGSGSSAAPAPTSTAAPVASAPAVTSAPAAATTTAAAEAAVTSAPASAQQPAPTGGATAPTCEEKRRRRLARRMARQHARDVVRRV,6.4,,,150,0,0,0,0,0,0,0,0,0,0,0,0,50,0,0,0,0,0,0,0,0,0,0,0,0,0,0,6.5,experimental," https://www.sasbdb.org/data/SASDUP3/, https://www.uniprot.org/uniprotkb/A0A1B7Y5F6/entry#sequences"
Saleh,Segment S(87-105) of the Neurofilament low intrinsically disordered tail domain,EKEEGEEEEGAEEEEAAKDE,1.2,,,0,0,0,0,0,0,0,0,20,0,0,0,0,0,0,0,0,0,0,0,0,0,0,0,0,0,0,0,8,experimental,https://www.sasbdb.org/data/SASDSD3/
Saleh,Segment S(106-128) of the Neurofilament low intrinsically disordered tail domain,SEDTKEEEEGGEGEEEDTKE,1.2,,,0,0,0,0,0,0,0,0,20,0,0,0,0,0,0,0,0,0,0,0,0,0,0,0,0,0,0,0,8,experimental,https://www.sasbdb.org/data/SASDSF3/
Saleh,FATZ-1,MAHHHHHHVDDDDKIMPLSGTPAPNKKRKSSKLIMELTGGGQESSGLNLGKKISVPRDVMLEELSLLTNRGSKMFKLRQMRVEKFIYENHPDVFSDSSMDHFQKFLPTVGGQLGTAGQGFSYSKSNGRGGSQAGGSGSAGQYGSDQQHHLGSGSGAGGTGGPAGQAGRGGAAGTAGVGETGSGDQAGGEAE,3.5,,,150,0,0,0,0,0,0,0,50,0,0,0,0,0,0,0,0,0,0,0,0,0,0,0,0,0,0,0,7.5,experimental,https://www.sasbdb.org/data/SASDJJ6/
Saleh,Transcriptional intermediary factor 2 (TIF2),ERADGQSRLHDSKGQTKLLQLLTTKSDQMEPSPLASSLSDTNKDSTGSLPGSGSTHGTSLKEKHKILHRLLQDSSSPVDLAKLTAEATGKDLSQESSSTAPGSEVTIKQEPVSPKKKENALLRYLLDKDDTKDIGLPEITPKLERLDSKT,3.7,,,150,0,0,0,0,0,0,2,0,20,0,0,0,0,0,0,0,0,0,0,0,0,0,0,0,0,0,0,7.5,experimental,"https://www.sasbdb.org/data/SASDK68/, https://www.sasbdb.org/project/1265/"
Abdullah M,PAGE4,MSARVRSRSRGRGDGQEAPDVVAFVAPGESQQEEPPTDNQDIEPGQEREGTPPIEERKVEGDCQEMDLEKTRSERGDGSDVKEKTPPNPKHAKTKEAGDGQP,3.26,,,0.1,0,0,0,0,0,0,0,0,0,0,0,0,0,0,0,0,0,0,0,0,0,0,0,0,0,0,0,7.2,computational,"https://pmc.ncbi.nlm.nih.gov/articles/PMC11195077/, https://www.uniprot.org/uniprotkb/O60829/entry#sequences"
Abdullah M,Sic1,GSMTPSTPPRSRGTRYLAQPSGNTSSSALMQGQKTPQKPSQNLVPVTPSTTKSFKNAPLLAPPNSNMGMTPFNGLTPQRPFPKSSVKRT,2.936,,,150,0,0,0,0,0,0,5,50,0,2,0,0,0,0,0,0,0,0,0,0,0,0,0,0,0,0,0,7.5,experimental,"https://proteinensemble.org/entries/PED00161, https://www.uniprot.org/uniprotkb/P38634/entry#sequences"
Abdullah M,"Hendra virus W protein, CTD",GAQTRSLNMLGRKTCLGRRVVQPGMFADYPPTKKARVLLRRMSNYHHHHHH,2.1,,,150,0,0,0,0,0,0,0,0,0,0,0,0,0,0,0,20,0,0,0,0,0,0,0,0,0,0,0,7.2,experimental,"https://www.uniprot.org/uniprotkb/P0C1C6/entry#sequences, https://www.sasbdb.org/molecule/5018, https://www.sasbdb.org/data/SASDUQ3/"
Abdullah M,"Nipah virus W protein, CTD (IDR)",GAQTRNIHLLGRKTCLGRRVVQPGMFEDHPPTKKARVSMRRMSNYHHHHHH,2.1,,,150,0,0,0,0,0,0,0,0,0,0,0,0,0,0,0,20,0,0,0,0,0,0,0,0,0,0,0,7.2,experimental,"https://www.uniprot.org/uniprotkb/P0C1C7/entry#sequences, https://www.sasbdb.org/data/SASDUR3/"
Abdullah M,TDP-43,MSEYIRVTEDENDEPIEIPSEDDGTVLLSTVTAQFPGACGLRYRNPVSQCMRGVRLVEGILHAPDAGWGNLVYVVNYPKDNKRKMDETDASSAVKVKRAVQKTSDLIVLGLPWKTTEQDLKEYFSTFGEVLMVQVKKDLKTGHSKGFGFVRFTEYETQVKVMSQRHMIDGRWCDCKLPNSKQSQDEPLRSRKVFVGRCTEDMTEDELREFFSQYGDVMDVFIPKPFRAFAFVTFADDQIAQSLCGEDLIIKGISVHISNAEPKHNSNRQLERSGRFGGNPGGFGNQGGFGNSRGGGAGLGNNQGSNMGGGMNFGAFSINPAMMAAAQAALQSSWGMMGMLASQQNQSGPSGNNQNQGNMQREPNQAFGSGNNSYSGSNSGAAIGWGSASNAGSGSGFNGGFGSSMDSKSSGWGM,4.1,,,300,0,0,0,0,0,0,5,0,20,0,0,0,0,0,0,0,0,0,0,0,0,0,0,0,0,0,0,8,experimental,"https://www.sciencedirect.com/science/article/pii/S0006349523006525, "
Saleh,Antitermination protein N,MDAQTRRRERRAEKQAQWKAANPLLVGVSAKPVNRPILSLNRKPKSRVESALNPIDLTVLAEYHKQIESNLQRIERKNQRTWYSKPGERGITCSGRQKIKGKSIPLI,3.8,,,0,50,0,0,0,0,0,0,0,0,0,0,0,0,0,0,0,0,0,0,0,0,0,0,0,0,0,0,7,experimental,"https://disprot.org/DP00005, https://www.uniprot.org/uniprotkb/P03045/entry#sequences"
Saleh,Src substrate cortactin,GYGGKFGVEQDRMDRSAVGHEYQSKLSKHCSQVDSVRGFGGKFGVQMDRVDQSAVGFEYQGKTEKHASQKDYSSGFGGKYGVQADRVDKSAVGFDYQGKTEKHESQKDYSKGFGGKYGIDKDKVDKSAVGFEYQGKTEKHESQKDYVKGFGGKFGVQTDRQDKCALGWDHQEKLQLHESQKDYKTGFGGKFGVQSERQDSSAVGFDYKERLAKHESQQDYAKGFGGKYGVQKDRMDKNASTF,4.75,,,300,0,0,0,0,0,0,0,20,0,0,1,0,0,0,0,0,0,0,0,0,0,0,0,0,0,0,0,8,computational,https://disprot.org/DP01752
Abdullah S,von Hippel-Lindau disease tumor suppressor,GSMEAGRPRPVLRSVNSREPSQVIFCNRSPRVVLPVWLNFDGEPQPYPTLPPGTGRRIHSYRG HLWLFRDAGTHDGLLV NQTELFVPSLNVDGQPIFANITLPVYTLKERCLQVVRSLVKPENYRRLDIVRSLYEDLEDHPNV QKDLERLTQERIAHQ RMGD,3.2,,,150,0,0,0,0,0,0,0,0,0,0,0,0,0,0,0,20,0,0,0,0,0,0,0,0,0,0,0,7.5,experimental,"https://www.sasbdb.org/data/SASDPF8/, https://www.uniprot.org/uniprotkb/P40337/entry#sequences"
Abdullah M,NSP1,AGGHSYGADLKSFDLGDELGTDPYEDFQENWNTKHSSGVTRELMRELNGG,1.1,,,0,50,0,0,0,0,0,0,0,0,0,0,0,0,0,0,0,0,0,0,0,0,0,0,0,0,0,0,7,Computational,"https://pmc.ncbi.nlm.nih.gov/articles/PMC8020630/#sec4, https://www.uniprot.org/uniprotkb/P0DTC1/entry#sequences"
Abdullah M,Colicin N translocation (T) domain,MGSNGADNAHNNAFGGGKNPGIGNTSGAGSNGSASSNRGNSNGWSWSNKPHKNDGFHSDGSYHITFHGDNNSKPKPGGNSGNRGNNGDGASSHHHHHH,2.8,,,300,50,0,0,0,0,0,0,0,0,0,0,0,0,0,0,0,0,0,0,0,0,0,0,0,0,0,0,7.6,Experimental,"https://www.sasbdb.org/data/SASDC53/, https://www.uniprot.org/uniprotkb/P08083/entry#sequences, "
Abdullah M,Cp12-2 D77G,AAPEGGISDVVEKSIKEAQETCAGDPVSGECVAAWDEVEELSAAASHARDKKKADGSDPLEEYCKDNPETNECRTYDN,2,,,0,0,0,25,0,0,0,0,0,0,0,0,0,0,0,0,0,0,0,0,0,0,0,0,0,0,0,0,7.5,experimental,"https://www.sasbdb.org/data/SASDSM2/, https://www.uniprot.org/uniprotkb/A0A178VHQ2/entry#sequences"
Abdullah M,ANAC013 IDR (161 - 274),SGSGPKNGEQYGAPFIEEEWAEDDDDDVDEPANQLVVSASVDNSLWGKGLNQSELDDNDIEELMSQVRDQSGPTLQQNGVSGLNSHVDTYNLENLEEDMYLEINDLMEPEPEPT,3.6,,,150,0,0,0,0,0,0,0,0,0,0,5,0,0,0,5,20,0,0,0,0,0,0,0,0,0,0,0,7.4,experimental,"https://www.sasbdb.org/data/SASDU37/, https://www.uniprot.org/uniprotkb/F4IED2/entry"
Abdullah M,RelA / NF-κB p65 Transactivation Domain (340–549),MGSVPKPAPQPYTFPASLSTINFDEFSPMLLPSGQISNQALALAPSSAPVLAQTMVPSSAMVPLAQPPAPAPVLTPGPPQSLSAPVPKSTQAGEGTLSEALLHLQFDADEDLGALLGNSTDPGVFTDLASVDNSEFQQLLNQGVSMSHSTAEPMLMEYPEAITRLVTGSQRPPDPAPTPLGTSGLPNGLSGDEDFSSIADMDFSALLSQISSLEHHHHHH,2.7,,,150,0,0,0,0,0,0.5,1,0,25,0,0,0,0,0,0,0,0,0,0,0,0,0,0,0,0,0,0,7.5,experimental,"https://www.sasbdb.org/data/SASDHD5/,https://www.uniprot.org/uniprotkb/Q04207/entry#sequences"
Abdullah M,SMAD2 phosphomimetic (multidomain with disordered regions),SGSGPKNGEQYGAPFIEEEWAEDDDDDVDEPANQLVVSASVDNSLWGKGLNQSELDDNDIEELMSQVRDQSGPTLQQNGVSGLNSHVDTYNLENLEEDMYLEINDLMEPEPEPT,3.6,,,150,0,0,0,0,0,0,0,0,0,0,5,0,0,0,5,20,0,0,0,0,0,0,0,0,0,0,0,7.4,experimental,"https://www.sasbdb.org/data/SASDU37/, https://www.uniprot.org/uniprotkb/F4IED2/entry"
Abdullah M,Histatin-5,DSHAKRHHGYKRKFHEKHHSHRGY,1.4,,,150,0,0,0,0,0,0,0,20,0,0,0,0,0,0,0,0,0,0,0,0,0,0,0,0,0,0,0,7,experimental,"https://www.sasbdb.org/data/SASDHF8/, https://www.uniprot.org/uniprotkb/P15516/entry"
Abdullah M,PABL2,SMDEPPGKPLSCEEKEKLKEKLAFAKREYSKTLARLQRAQRAEKIKHSIKKTVEEQDCLSQQDLSPQLKHSEPKNKICVYDKLHIKTHLDEETGEKTSITLDVGPESFNPGDGPGGLPIQRTDDTQEHFPHRVSDPSGEQKQKLPSRRKKQQKRTFISQERDCVFGTDSLRLSGKRLKEQEEISSKNPARSPVTEWENLYFQS,5.2,,,160,0,0,0,0,0,0,0,0,0,0,0.5,0,0,0,0,20,0,0,0,0,0,0,0,0,0,0,0,7.5,experimental,"https://www.uniprot.org/uniprotkb/Q86YC2/entry#sequences, https://www.sasbdb.org/data/SASDVQ7/"
Abdullah M,Elastin-like Polypeptide (ELP),SSGGVGVPGVGVPGVGVPGVGVPGVGVPGVGVPGVGVPGVGVPGVGVPGVGVPGVGVPGVGVPGVGVPGVGVPGVGVPGVGVPGVGVPGVGVPGVGVPGVGVPGVGVPGVGVPGVGVPGVGVPGVGVPGVGVPGVGVPGVGVPGVGVPGVGVPGWPSGA,3.1,,,137,0,10,1.8,300,0,0,5,0,0,0,0,0,0,0,0,0,0,0,0,0,0,0,0,0,0,500,0,7.4,experimental,"https://www.sasbdb.org/data/SASDUS9/, "
Abdullah M,Trypanosoma brucei gambiense invariant surface glycoprotein 43 (ISG43),MGSSHHHHHHSSGLVPRGSHMHVGKARASETQTNEAEDKLSRAAADVLCIMTDLTRKVVNPLADRLAELAAEDTANITRDAELVNTYVDDIDGMLGKDSDDPDGTKKRIKELCDGAKTKVKDMPENARNREASIKEKAVKAKESGKKTLEGTEASEGGNPVVGLKEVMSSYCRGGRKCEEGVVSSTLDPPEGEISCTNVTLDEKEKWISTLMVEAGANWTTSKPKKVVNCSTAGEPPCTPLDQWGTHYNDTKSHVVRIVGELDESYKDMLICENQLLLVYKIHKGLQEEKNHSEIISEGERISNRTLDVLIGMSGGHRSSSLEDGVNNTDLQDLEEARTLFAKKRRWIM,3.2,,,150,0,0,0,0,0,0,0,0,0,0,0,0,0,0,0,20,0,0,0,0,0,0,0,0,0,0,0,7.5,experimental,"https://www.sasbdb.org/data/SASDT75/, https://www.uniprot.org/uniprotkb/C9ZNA4"
Abdullah M,Truncated Neurofilament low intrinisically disordered domain (amino acids 441 -543),MGCGPAYYNSHVQEEQTEVEETIEATKAEEAKDEPPSEGEAEEEEKEKEEGEEEEGAEEEEAAKDESEDTKEEEEGGEGEEEDTKESEEEEKKEESAGEEQVAKKKDGCG,4.5,,,150,0,0,0,0,0,0,0,20,0,,0,0,0,0,0,0,0,0,0,0,0,0,0,0,0,0,0,8,experimental,https://www.sasbdb.org/data/SASDT27/
Abdullah M,N-Terminal Cytoplasmatic Region of the Translocated Intimin Receptor,GMPIGNLGNNVNGNHLIPPAPPLPSQTDGAARGGTGHLISSTGALGSRSLFSPLRNSMADSVDSRDIPGLPTNPSRLAAATSETCLLGGFEVLHDKGPLDILNTQIGPSAFRVEVQADGTHAAIGEKNGLEVSVTLSPQEWSSLQSIDTEGKNRFVFTGGRGGSGHPMVTVASDIAEARTKILAKLDPDNHGGRQPKDVDTRSVGVGSASGIDDGVVSETHTSTTNSSVRSDPKWSHPQFEK,3.5,,,150,0,0,0,0,1,0,1,0,100,0,0,0,0,0,0,0,0,0,0,0,0,0,0,0,0,0,0,8,experimental,https://www.sasbdb.org/data/SASDKF8/
Abdullah M,Central domain of the N-terminal Region of the Translocated Intimin Receptor (60-200),GVDSRDIPGLPTNPSRLAAATSETCLLGGFEVLHDKGPLDILNTQIGPSAFRVEVQADGTHAAIGEKNGLEVSVTLSPQEWSSLQSIDTEGKNRFVFTGGRGGSGHPMVTVASDIAEARTKILAKLDPDNHGGRQPKDVDTWSHPQFEK,3.4,,,150,0,0,0,0,1,0,1,0,0,0,0,0,0,0,0,0,0,0,0,0,0,0,0,0,0,0,0,8,experimental,"https://www.sasbdb.org/data/SASDKG8/, https://www.uniprot.org/uniprot/B7UM99"
Abdullah M,"C-Terminal Cytoplasmatic Region of the Translocated Intimin Receptor",GPRRNQPAEQTTTTTTHTVVQQQTGGNTPAQGGTDATRAEDASLNRRDSQGSVASTHWSDSSSEVVNPYAEVGGARNSLSAHQPEEHIYDEVAADPGYSVIQNFSGSGPVTGRLIGTPGQGIQSTYALLANSGGLRLGMGGLTSGGESAVSSVNAAPTPGPVRFVWSHPQFEK,3.8,,,150,0,0,0,0,1,0,0,0,0,0,0,0,0,0,0,0,20,0,0,0,0,0,0,0,0,0,0,6.5,experimental,"https://www.sasbdb.org/data/SASDKH8/, https://www.uniprot.org/uniprotkb/B7UM99/entry#sequences"
Abdullah M,"Stromal cell-derived factor 1, CXCL12",MKPVSLSYRCPCRFFESHVARANVKHLKILNTPNCALQIVARLKNNNRQVCIDPKLKWIQEYLEKALNKEYLEKALNK,1.5,,,50,0,0,0,0,0,0,0,20,0,0,0,0,0,0,0,0,0,0,0,0,0,0,0,0,0,0,0,7.5,experimental,https://www.sasbdb.org/data/SASDRG9/
Abdullah M,"High mobility group protein B1, HMGB1",GKGDPKKPRGKMSSYAFFVQTCREEHKKKHPDASVNFSEFSKKCSERWKTMSAKEKGKFEDMAKADKARYEREMKTYIPPKGETKKKFKDPNAPKRPPSAFFLFCSEYRPKIKGEHPGLSIGDVAKKLGEMWNNTAADDKQPYEKKAAKLKEKYEKDIAAYRAKGKPDAAKKGVVKAEKSKKKKEEEEDEEDEEDEEEEEDEEDEDEEEDDDDD,2.6,,,50,0,0,0,0,0,0,0,20,0,0,0,0,0,0,0,0,0,0,0,0,0,0,0,0,0,0,0,7.5,experimental,"https://www.sasbdb.org/data/SASDRH9/, uniprot.org/uniprot/P63159"
zach,"Neurofilament light polypeptide (C-terminus, amino acids 399-553)",MTRLSFTSVGSITSGYSQSSQVFGRSAYSGLQSSSYLMSARSFPAYYNSHVQEEQTEVEETIEATKAEEAKDEPPSEGEAEEEEKEKEEGEEEEGAEEEEAAKDESEDTKEEEEGGEGEEEDTKESEEEEKKEESAGEEQVAKKKD,17.8,,,150,0,0,0,0,0,0,0,20,0,0,0,0,0,0,0,0,0,0,0,0,0,0,0,0,0,0,0,8.0,experimental,"https://www.sasbdb.org/data/SASDTB6/ , https://www.uniprot.org/uniprotkb/P08551/entry#sequences"
Abdullah M,Beclin-1,GAMDPMEGSKTSNNSTMQVSFVSQRSSQPLKLDTSFKILDRVTIQELTAPLLTTAQAKPGETQEEETNSGEEPFIETPRQDGVSRRFIPPARMMSTESANSFTLIGEVSDGGTMENLSRRLKVTGDLFDIMSGQTDVDHPLSEESTDTLLDQLDTY,4.1,,,300,0,0,0,0,0,0,0,50,0,0,0,0,0,0,0,0,0,0,0,0,0,0,0,0,0,0,0,8,experimental,"https://www.sasbdb.org/data/SASDQY9/, https://www.uniprot.org/uniprotkb/Q14457/entry#sequences"
zach,C-terminal fragment (509-716) of the Methoprene-tolerant protein from Drosophila melanogaster,"GSGGIEGRHAGRQKVQEMKEKFSTIIKAEMPTQSSSPDLPASQAPQQLERIVLYLIENLQKSVDSAETVGGQGMESLMDDGYSSPANTLTLEELAPSPTPALALVPPAPSSVKSSISKSVSVVNVTAARKFQQEHQKQRERDREQLKERTNSTQGVIRQLSSCLSEAETASCILSPASSLSASEAPDTPDPHSNTSPPPSLHTRPSVLHRTLTSTLR",5.1,,,150,0,0,0,0,0,0,0,20,0,0,0,0,0,0,0,0,0,0,0,0,0,0,0,0,0,0,0,7.5,experimental,"https://www.uniprot.org/uniprotkb/Q9VYW2/entry#sequences, https://www.sasbdb.org/data/SASDBY5/"
Abdullah M,Fc-fused PTPRA ECD in PBS buffer,NNATTVAPSVGITRLINSSTAEPVKEEAKTSNPTSSLTSLSVAPTFSPNITLGPTYLTTVNSSDSDNGTTRTASTNSIGITISPNGTWLPDNQFTDARTEPWEGNSSTAATTPETFPPSDETDIGGLNDIFEAQKIQWHEILNVKSIDYKDDDDKASITLAAARLADPEEPKSCDKTHTCPPCPAPELLGGPSVFLFPPKPKDTLMISRTPEVTCVVVDVSHEDPEVKFNWYVDGVEVHNAKTKPREEQYNSTYRVVSVLTVLHQDWLNGKEYKCKVSNKALPAPIEKTISKAKGQPREPQVYTLPPSRDELTKNQVSLTCLVKGFYPSDIAVEWESNGQPENNYKTTPPVLDSDGSFFLYSKLTVDKSRWQQGNVFSCSVMHEALHNHYTQKSLSLSPGK,8.3,,,137,0,0,0,2.7,0,0,0,0,0,0,0,0,0,0,0,0,0,0,0,0,10,0,0,0,0,0,0,7.4,,
zach,Nuclear factor kB p50/RelA bound to Urokinase kB site DNA,MPYVEIIEQPKQRGMRFRYKSEGRSAGSIPGERSTDTTKTHPTIKINGYTGPGTVRISLVTKDPPHRPHPHELVGKDCRDGYYEADLCPDRSIHSFQNLGIQCVKKRDLEQAISQRIQTNNNPFHVPIEEQRGDYDLNAVRLCFQVTVRDPAGRPLLLTPVLSHPIFDNRAPNTAELKICRVNRNSGSCLGGDEIFLLCDKVQKEDIEVYFTGPGWEARGSFSQADVHRQVAIVFRTPPYADPSLQAPVRVSMQLRRPSDRELSEPMEFQYLPDTDDRHRIEEKRKRTYETFKSIMKKSPFNGPTEPRPPTRRIAVPTRNSTSVPKPAPQPYTFPASLSTINFDEFSPMLLPSGQISNQALALAPSSAPVLAQTMVPSSAMVPLAQPPAPAPVLTPGPPQSLSAPVPKSTQAGEGTLSEALLHLQFDADEDLGALLGNSTDPGVFTDLASVDNSEFQQLLNQGVSMSHSTAEPMLMEYPEAITRLVTGSQRPPDPAPTPLGTSGLPNGLSGDEDFSSIADMDFSALLSQISS,4.7,,,150,0,0,0,0,0.5,0,1,25,0,0,0,0,0,0,0,0,0,0,0,0,0,0,0,0,0,0,0,7.5,experimental,"https://www.sasbdb.org/data/SASDHH5/, https://www.uniprot.org/uniprotkb/Q04207/entry#sequences"
Abdullah M,C-terminal truncated KNR4,GPLGSMDLFKRKVKEWVYSLSTDDHYAEYNPDETPTFNMGKRLNSNNGQVNPSQMHLNSVDEEMSMGFQNGVPSNEDINIDEFTSTESNDGVSETLLWRHIDFWTSEHNPDLNATLSDPCTQNDITHAEEDLEVSFPNPVKASFKIHDGQEDLESMTGTSGLFYGFQLMTLDQVVAMTQAWRNVAKNLNKRSQQGLSHVTSTGSSSSMERLNGNKFKLPNIPDQKSIPPNAVQPVYAHPAWIPLITDNAGNHIGVDLAPGPNGKYAQIITFGRDFDTKFVIAENWGEFLLSFANDLEAGNWYLVDDNDDYFSGDGELVFRDKKSNGPIQDYFEVLKRRTWIKYQENLRSQ,2.8,,,300,0,0,0,0,0,0,0,0,0,0,0,0,100,0,0,0,0,0,0,0,0,0,0,0,0,0,0,6,experimental,"https://www.sasbdb.org/data/SASDPD7/, uniprot.org/uniprot/P32566"
Abdullah M,Phloem-associated RNA chaperone-like protein (PARCL),GSMQYYENREKDYYEVAQGQRNGYGQSQSHNHEGYGQSQSRGGYGQIHNREGYNQNREGYSQSQSRPVYGLSPTLNHRSHGGFLDGLFKGQNGQKGQSGLGTFLGQHKSQEAKKSQGHGKLLGQHDQKKTHETNSGLNGLGMFINNGEKKHRRKSEHKKKNKDGHGSGNESGSSSGSDSD,3.5,,,150,0,0,0,0,0,0,5,0,0,0,0,0,0,0,0,50,0,0,0,0,0,0,0,0,0,0,0,7.5,experimental,"https://www.sasbdb.org/data/SASDJS7/, "
Abdullah S,Segment S(45-64) of the Neurofilament low intrinsically disordered tail domain,YYTSHVQEEQTEVEETIEAT,1.2,,,0,0,0,0,0,0,0,0,20,0,0,0,0,0,0,0,0,0,0,0,0,0,0,0,0,0,0,0,8.0,experimental,"https://www.sasbdb.org/data/SASDSA3/, https://www.sasbdb.org/molecule/4557"
Abdullah M,Transcription Elongation Factor SPT6,EGDMKIRKTDIPERYQELRAGITDYGNMSSEDQELERNWIAEKISVDKNFDANYDLTEFKEAIGNAIKFITKENLEVPFIYAYRRNYISSREKDGFLLTEDDLWDIVSLDIEFHSLVNKKDYVQRFYAELHIDDPIVTEYFKNQNTASIAELNSLQDIYDYLEFKYANEINEMFINHTGKTGKKHLKNSSYEKFKASPLYQAVSDIGISAEDVGENISSQHQIHPPVDHPSSKPVEVIESILNANSGDLQVFTSNTKLAIDTVQKYYSLELSKNTKIREKVRSDFSKYYLADVVLTAKGKKEIQKGSLYEDIKYAINRTPMHFRRDPDVFLKMVEAESLNLLSVKLHMSSQAQYIEHLFQIALETTNTSDIAIEWNNFRKLAFNQAMDKIFQDISQEVKDNLTKNCQKLVAKTVRHKFMTKLDQAPFIPNVRDPKIPKILSLTCGQGRFGADAIIAVYVNRKGDFIRDYKIVDNPFDKTNPEKFEDTLDNIIQSCQPNAIGINGPNPKTQKFYKRLQEVLHKKQIVDSRGHTIPIIYVEDEVAIRYQNSERAAQEFPNKPPLVKYCIALARYMHSPLLEYANLTSEEVRSLSIHPHQNLLSSEQLSWALETAFVDIVNLVSVEVNKATDNNYYASALKYISGFGKRKAIDFLQSLQRLNEPLLARQQLITHNILHKTIFMNSAGFLYISWNEKRQKYEDLEHDQLDSTRIHPEDYHLATKVAADALEYDPDTIAEKEEQGTMSEFIELLREDPDRRAKLESLNLESYAEELEKNTGLRKLNNLNTIVLELLDGFEELRNDFHPLQGDEIFQSLTGESEKTFFKGSIIPVRVERFWHNDIICTTNSEVECVVNAQRHAGAQLRRPANEIYEIGKTYPAKVIYIDYANITAEVSLLDHDVKQQYVPISYSKDPSIWDLKQELEDAEEERKLMMAEARAKRTHRVINHPYYFPFNGRQAEDYLRSKERGEFVIRQSSRGDDHLVITWKLDKDLFQHIDIQELEKENPLALGKVLIVDNQKYNDLDQIIVEYLQNKVRLLNEMTSSEKFKSGTKKDVVKFIEDYSRVNPNKSVYYFSLNHDNPGWFYLMFKINANSKLYTWNVKLTNTGYFLVNYNYPSVIQLCNGFKTLLKSNSSKNRMNNYR,4.7,,,150,0,0,0,0,0.5,0,1,0,0,0,0,0,0,0,0,25,0,0,0,0,0,0,0,0,0,0,0,7.5,experimental,"https://www.sasbdb.org/data/SASDKZ9/, https://www.uniprot.org/uniprotkb/P23615/entry#sequences"
Abdullah S,Segment S(67-86) of the Neurofilament low intrinsically disordered tail domain,KAEEAKDEPPSEGEAEEEEK,1.2,,,0,0,0,0,0,0,0,0,20,0,0,0,0,0,0,0,0,0,0,0,0,0,0,0,0,0,0,0,8.0,experimental,"https://www.sasbdb.org/data/SASDSB3/,https://www.sasbdb.org/molecule/4558"
zach,"SEC-SAXS data of mutant estrogen receptor alpha (S118D), N-terminal domain (NTD)",SNAMTMTLHTKASGMALLHQIQGNELEPLNRPQLKIPLERPLGEVYLDSSKPAVYNYPEGAAYEFNAAAAANAQVYGQTGLPYGPGSEAAAFGSNGLGGFPPLNSVSPSPLMLLHPPPQLDPFLQPHGQQVPYYLENEPSGYTVREAGPPAFYRPNSDNRRQGGRERLASTNDKGSMAMESAKETRY,3.5,,,150,20,0,0,0,0.5,0.1,0,0,0,0,0,0,0,0,0,0,0,0,0,0,0,0,0,0,0,0,0,7.4,experimental,"https://www.sasbdb.org/data/SASDSF5/, https://www.uniprot.org/uniprotkb/P03372/entry#sequences"
zach,"Herpes simplex virus 1 tegument protein UL11",MGLSFSGTRPCCCRNNVLITDDGEVVSLTAHDFDVVDIESEEEGNFYVPPDMRGVTRAPGRQRLRSSDPPSRHTHRRTPGGACPATQFPPPMSDSEWSHPQFEK,2.4,,,100,0,0,0,0,0,0,0,0.5,0,0,0,0,0,0,0,50,0,0,0,0,0,0,0,0,0,0,0,7.5,experimental,"https://www.sasbdb.org/data/SASDEX4/, https://www.uniprot.org/uniprotkb/P04289/entry#sequences"
Abdullah M,"Delta subunit of RNA polymerase, RNAP",MGIKQYSQEELKEMALVEIAHELFEEHKKPVPFQELLNEIASLLGVKKEELGDRIAQFYTDLNIDGRFLALSDQTWGLRSWYPYDQLDEETQPTVKAKKKKAKKAVEEDLDLDEFEEIDEDDLDLDEVEEELDLEADDFDEEDLDEDDDDLEIEEDIIDEDDEDYDDEEEEIK,3.5,,,10,0,0,0,0,0,0,0,0,0,0,0,0,0,0,0,0,0,0,0,0,20,7.7,0,0,0,0,0,6.3,experimental,"https://www.sasbdb.org/data/SASDF58/, https://www.uniprot.org/uniprotkb/P12464/entry"
Abdullah M ,Surace Protein G,GPAMAPKTITELEKKVEEIPFKKERKFNPDLAPGTEKVTREGQKGEKTITTPTLKNPLTGVIISKGEPKEEITKDPINELTEYGPETIAPGHRDEFDPKLPTGEKEEVPGKPGIKNPETGDVVRPPVDSVTKYGPVKGDSIVEKEEIPFEKERKFNPDLAPGTEKVTREGQKGEKTITTPTLKNPLTGEIISKGESKEEITKDPINELTEYGPETITPGHRDEFDPKLPTGEKEEVPGKPGIKNPETGDVVRPPVDSVTKYGPVKGDSIVEKEEIPFEKERKFNPDLAPGTEKVTREGQKGEKTITTPTLKNPLTGVIISKGEPKEEITKDPINELTEYGPETITPGHRDEFDPKLPTGEKEEVPGKPGIKNPETGDVVRPPVDSVTKYGPVKGDSIVEKEEIPFKKERKFNPDLAPGTEKVTREGQKGEKTITTPTLKNPLTGEIISKGESKEEITKDPINELTEYGPETITPGHRDEFDPKLPTGEKEEVPGKPGIKNPETGDVVRPPVDSVTKYGPVKGDSIVEKEEIPFEKERKFNPDLAPGTEKVTREGQKGEKTITTPTLKNPLTGEIISKGESKEEITKDPINELTEYGPETITPGHRDEFDPKLPTGEKEEVPGKPGIKNPETGDVVRPPVDSVTKYGPVKGDSIVEKEEIPFKKERKFNPDLAPGTEKVTREGQKGEKTITTPTLKNPLTGEIISKGESKEEITKDPINELTEYGPETWSHPQFEK,15.9,,,200,0,0,0,1,0,0,0,20,20,0,0,0,0,0,0,0,0,0,0,0,0,0,0,0,0,0,0,7.5,experimental,"https://www.sasbdb.org/data/SASDA87/, uniprot.org/uniprot/Q2G2B2"
Abdullah M,Myelin basic protein,AAQKRPSQRSKYLASASTMDHARHGFLPRHRDTGILDSLGRFFGSDRGAPKRGSGKDGHHAARTTHYGSLPQKAQGHRPQDENPVVHFFKNIVTPRTPPPSQGKGRGLSLSRFSWGAEGQKPGFGYGGRASDYKSAHKGLKGHDAQGTLSKIFKLGGRDSRSGSPMARR,3.3,,,,,,,,,,,,,,,,,,,,,,,,,,,,,,,,,"uniprot.org/uniprot/P02687, https://www.sasbdb.org/data/SASDDF6/"
zach,Segment S(82-96) of the Neurofilament low intrinsically disordered tail domain,AEEEEEKEKEEGEEEEGA,1.1,,,1000,0,0,0,0,0,0,0,20,0,0,0,0,0,0,0,0,0,0,0,0,0,0,0,0,0,0,0,8,experimental,https://www.sasbdb.org/data/SASDSE4/
Abdullah S,Chromogranin-A,MRSAAVLALLLCAGQVIALPVNSPMNKGDTEVMKCIVEVISDTLSKPSPMPVSKECFETLRGDERILSILRHQNLLKELQDLALQGAKERTHQQKKHSSYEDELSEVLEKPNDQAEPKEVTEEVSSKDAAEKRDDFKEVEKSDEDSDGDRPQASPGLGPGPKVEEDNQAPGEEEEAPSNAHPLASLPSPKYPGPQAKEDSEGPSQGPASREKGLSAEQGRQTEREEEEEKWEEAEAREKAVPEEESPPTAAFKPPPSLGNKETQRAAPGWPEDGAGKMGAEEAKPPEGKGEWAHSRQEEEEMARAPQVLFRGGKSGEPEQEEQLSKEWEDAKRWSKMDQLAKELTAEKRLEGEEEEEEDPDRSMRLSFRARGYGFRGPGLQLRRGWRPNSREDSVEAGLPLQVRGYPEEKKEEEGSANRRPEDQELESLSAIEAELEKVAHQLEELRRG,5.2,,8.48,,,,,,,,,,,,,,,,,,,,,,,,,,,,,,experimental,"https://pubmed.ncbi.nlm.nih.gov/17718510/, https://disprot.org/DP00118"
zach,Segment S(129-146) of the Neurofilament low intrinsically disordered tail domain,SEEEEKKEESAGEEQVAKKKD,1.3,,,50,0,0,0,0,0,0,0,20,0,0,0,0,0,0,0,0,0,0,0,0,0,0,0,0,0,0,0,8,experimental,https://www.sasbdb.org/data/SASDSR4/
zach,Segment S(110-125) of the Neurofilament low intrinsically disordered tail domain,TKEEEEGGEGEEEDTKES,1.2,,,0,0,0,0,0,0,0,0,20,0,0,0,0,0,0,0,0,0,0,0,0,0,0,0,0,0,0,0,8,experimental ,https://www.sasbdb.org/data/SASDSQ4/
zach,Phosphorylated Microtubule associated protein MAP2c (isoform 3); 1.7 mg/ml,MADERKDEGKAPHWTSASLTEAAAHPHSPEMKDQGGSGEGLSRSANGFPYREEEEGAFGEHGSQGTYSDTKENGINGELTSADRETAEEVSARIVQVVTAEAVAVLKGEQEKEAQHKDQPAALPLAAEETVNLPPSPPPSPASEQTAALEEATSGESAQAPSAFKQAKDKVTDGITKSPEKRSSLPRPSSILPPRRGVSGDREENSFSLNSSISSARRTTRSEPIRRAGKSGTSTPTTPGSTAITPGTPPSYSSRTPGTPGTPSYPRTPGTPKSGILVPSEKKVAIIRTPPKSPATPKQLRLINQPLPDLKNVKSKIGSTDNIKYQPKGGQVQIVTKKIDLSHVTSKCGSLKNIRHRPGGGRVKIESVKLDFKEKAQAKVGSLDNAHHVPGGGNVKIDSQKLNFREHAKARVDHGAEIITQSPSRSSVASPRRLSNVSSSGSINLLESPQLATLAEDVTAALAKQGL,6.7,,,150,0,0,0,0,0,0,0,0,0,0,0,0,0,0,0,0,0,0,0,0,0,0,0,4.6,50,0,0,6.9,experimental,"https://www.sasbdb.org/data/SASDDC2/ , https://www.uniprot.org/uniprotkb/P15146/entry#sequences"
Abdullah S,FI10506p,GSGGIEGRHAGRQKVQEMKEKFSTIIKAEMPTQSSSPDLPASQAPQQLERIVLYLIENLQKSVDSAETVGGQGMESLMDDGYSSPANTLTLEELAPSPTPALALVPPAPSSVKSSISKSVSVVNVTAARKFQQEHQKQRERDREQLKERTNSTQGVIRQLSSCLSEAETASCILSPASSLSASEAPDTPDPHSNTSPPPSLHTRPSVLHRTLTSTLR,5.1,,,150,0,0,0,0,0,0,0,0,20,0,0,0,0,0,0,0,0,0,0,0,0,0,0,0,0,0,0,7.5,experimental,"https://www.sasbdb.org/molecule/386, https://www.sasbdb.org/data/SASDBY5/#results,https://www.uniprot.org/uniprotkb/Q9VYW2/entry#sequences"
Saleh,KiSS-1,EPLEKVASVGNSRPTGQQLESLGLLAPGEQSLPCTERKPAATARLSRRGTSLSPPPESSGSPQQPGLSAPHSRQIPAPQGAVLVQREKDLPNYNWNSFGLRFGKREAAPGNHGRSAGRG,3.47,,,137,0,10,1.8,2.7,0,0,1,0,0,0,0,0,0,0,0,0,0,0,0,0,0,0,0,0,0,0,0,7,experimental,"https://disprot.org/DP01173, https://europepmc.org/article/MED/28207895"
Saleh,Phosphoprotein S(1-406),MDKLELVNDGLNIIDFIQKNQKEIQKTYGRSSIQQPSIKDQTKAWEDFLQCTSGESEQVEGGMSKDDGDVERRNLEDLSSTSPTDGTIGKRVSNTRDWAEGSDDIQLDPVVTDVVYHDHGGECTGYGFTSSPERGWSDYTSGANNGNVCLVSDAKMLSYAPEIAVSKEDRETDLVHLENKLSTTGLNPTAVPFTLRNLSDPAKDSPVIAEHYYGLGVKEQNVGPQTSRNVNLDSIKLYTSDDEEADQLEFEDEFAGSSSEVIVGISPEDEEPSSVGGKPNESIGRTIEGQSIRDNLQAKDNKSTDVPGAGPKDSAVKEEPPQKRLPMLAEEFECSGSEDPIIRELLKENSLINCQQGKDAQPPYHWSIERSISPDKTEIVNGAVQTADRQRPGTPMPKSRGIPIKK,6.1,,,300,0,0,0,0,0,0,5,20,0,0,0,0,0,0,0,0,0,0,0,0,0,0,0,0,0,0,0,8,experimental,"https://europepmc.org/article/MED/33177626, https://disprot.org/DP00699"
Abdullah S,Abcissic acid stress ripening ,MAEEKHHHHLFHHKKEGEDFQPAADGGADVYGYSTETVVTGTGNEGEYERITKEEKHHKHKEHLGEMGAVAAGAFALYEKHEAKKDPEHAHKHKIEEELAAAAAVGAGGFVFHEHHEKKQDHKEAKEASGEKKHHLFG,3.55,,,0,0,0,0,0,0,0,0,0,50,0,0,0,0,0,0,0,0,0,0,0,0,0,0,0,0,0,0,7.5,experimental ,"https://disprot.org/DP01787, https://www.uniprot.org/uniprotkb/A0A1Z3GD05/entry#sequences, https://pmc.ncbi.nlm.nih.gov/articles/PMC5686140/"
Abdullah S,Protease A inhibitor 3,MNTDQQKVSEIFQSSKEKLQGDAKVVSDAFKKMASQDKDGKTTDADESEKHNYQEQYNKLKGAGHKKE,4.5,,,,,,,,,,,,,,,,,,,,,,,,,,,,,,,,,"https://disprot.org/DP00179, https://www.uniprot.org/uniprotkb/P01094/entry, https://pubmed.ncbi.nlm.nih.gov/8075148/"
Abdullah S,Protein SIC1,MTPSTPPRSRGTRYLAQPSGNTSSSALMQGQKTPQKPSQNLVPVTPSTTKSFKNAPLLAPPNSNMGMTSPFNGLTSPQRSPFPKSSVKRTLFQFESHDNGTVREEQEPLGRVNRILFPTQQNVDIDAAEEEEEGEVLLPPSRPTSARQLHLSLERDEFDQTHRKKIIKDVPGTPSDKVITFELAKNWNNNSPKNDARSQESEDEEDIIINPVRVGKNPFASDELVTQEIRNERKRAMLRENPDIEDVITYVNKKGEVVEKRRLTDEEKRRFKPKALFQSRDQEH,3.21,,2.15,140,0,10,0,0,0,0,0,0,0,0,0,0,0,0,0,0,0,0,0,0,0,0,0,0,0,0,0,7.0,computational ,"https://pmc.ncbi.nlm.nih.gov/articles/PMC2924144/,https://disprot.org/DP00631,https://www.uniprot.org/uniprotkb/P38634/entry, https://www.sciencedirect.com/science/article/pii/S0006349522039236#bib36"
Saleh,Receptor tyrosine-protein kinase erbB-2,VIQNEDLGPASPLDSTFYRSLLEDDDMGDLVDAEEYLVPQQGFFCPDPAPGAGGMVHHRHRSSSTRSGGGDLTLGLEPSEEEAPRSPLAPSEGAGSDVFDGDLGMGAAKGLQSLPTHDPSPLQRYSEDPTVPLPSETDGYVAPLTCSPQPEYVNQPDVRPQPPSPREGPLPAARPAGATLERPKTLSPGKNGVVKDVFAFGGAVENPEYLTPQGGAAPQPHPPPAFSPAFDNLYYWDQDPPERGAPPSTFKGTPTAENPEYLGLDVPV,4.92,,,200,0,0,0,0,0,0,0,0,0,0,2,0,40,0,0,0,0,0,0,0,0,0,0,0,0,0,0,5.6,experimental,https://disprot.org/DP01484
Saleh,Ribonuclease E,ERQQDRRKPRQNNRRDRNERRDTRSERTEGSDNREENRRNRRQAQQQTAETRESRQQAEVTEKARTADEQQAPRRERSRRRNDDKRQAQQEAKALNVEEQSVQETEQEERVRPVQPRRKQRQLNQKVRYEQSVAEEAVVAPVVEETVAAEPIVQEAPAPRTELVKVPLPVVAQTAPEQQEENNADNRDNGGMPRRSRRSPRHLRVSGQRRRRYRDERYPTQSPMPLTVACASPELASGKVWIRYPIVR,5.3,,,0,20,0,0,0,0,0,0,0,0,0,0,0,0,0,0,0,0,250,0,0,0,0,0,0,0,0,0,7.7,experimental,https://disprot.org/DP00207
Saleh,Protein LBH,MSVYFPIHCSDYLRSAEMTEVMMNAPSMEEIGLSPRKDGLSYQIFPDPSDFDRCCKLKDRLPSIVVEPTEGEVESGELRWPPEEFLVQEDEQDNCEETTNEKKDQ,23.4,,,200,0,0,0,0,1,0,0,50,0,0,0,0,0,0,0,0,0,0,5,0,0,0,0,0,0,0,0,8,experimental,https://disprot.org/DP00661
Saleh,CREB-binding protein S(674-1080),HKQGILGNQPALPAPGAQPPVIPQAQPVRPPNGPLSLPVNRMQVSQGMNSFNPMSLGNVQLPQAPMGPRAASPMNHSVQMNSMGSVPGMAISPSRMPQPPNMMGAHTNNMMAQAPAQSQFLPQNQFPSSSGAMSVGMGQPPAQTGVSQGQVPGAALPNPLNMLGPQASQLPCPPVTQSPLHPTPPPASTAAGMPSLQHTTPPGMTPPQPAAPTQPSTPVSSSGQTPTPTPGSVPSATQTQSTPTVQAAAQAQVTPQPQTPVQPPSVATPQSSQQQPTPVHAQPPGTPLSQAAASIDNRVPTPSSVASAETNSQQPGPDVPVLEMKTETQAEDTEPDPGESKGEPRSEMMEEDLQGASQVKEETDIAEQKSEPMEVDEKKPEVKVEVKEEEESSSNGTASQSTSPSQP,8,,,,,,,,,,,,,,,,,,,,,,,,,,,,,,,,experimental,"https://disprot.org/DP02004, https://europepmc.org/article/MED/28680062"
Saleh,Glutamine synthetase inactivating factor IF7,MSTQQQARALMMRHHQFIKNRQQSLLSRAAAEIGVQAEKDFWTTVQGKPQSSFRETYDRSSASLS,2.42,,,0,0,0,0,0,0,0,0,50,0,0,0,0,0,0,0,0,0,0,0,0,0,0,0,0,0,0,0,7.2,experimental,https://disprot.org/DP01148
Saleh,Caldesmon,RLEQYTSAVVGNKAAKPAKPAASDLPVPAEGVRNIKSMWEKGNVFSSPGGTGTPNKETAGLKVGVSSRINEWLTKTPEGNKSPAPKPSDLRPGDVSGKRNLWEKQSVEKPAASSSKVTATGKKSETNGLRQFEKEP,4.08,,,,,,,,,,,,,,,,,,,,,,,,,,,,,,,,experimental,https://disprot.org/DP00120
Saleh,Ribosome hibernation promotion factor (C-lrtA),QHGNVKTSEIVEDKPVEENLIGDRAPELPSEVLRMKYFAMPPMAIEDALEQLQLVDHDFYMFRNKDTDEINVIYIRNHGGYGVIQPHQAS,2.6,,,0,0,0,0,0,0,0,0,50,0,0,0,0,0,0,0,0,0,0,0,0,0,0,0,0,0,0,0,7.2,experimental,https://disprot.org/DP02105
Saleh,Silver-binding protein SilE,TETVNIHERVNNAQAPAHQMQSAAAPVGIQGTAPRMAGMDQHEQAIIAHETMTNGSADAHQKMVESHQRMMGSQTVSPTGPSKSLAAMNEHERAAVAHEFMNNGQSGPHQAMAEAHRRMLSAG,3.77,,,0,0,0,0,0,0,0,0,0,0,0,0,0,20,0,0,0,0,0,0,20,0,0,0,0,0,0,0,6.8,experimental,"https://disprot.org/DP03984, https://pubs.rsc.org/en/content/articlelanding/2023/cp/d2cp04206a"
Saleh,"Structural ensemble of Nucleocapsid of murine respirovirus, 458-510",FVTLHGAERLEEETNDEDVSDIERRIAMRLAERRQEDSATHGDEGRNNGVDHE,1.626,,,,,,,,,,,,,,,,,,,,,,,,,,,,,,,,computational ,"https://proteinensemble.org/entries/PED00011, https://pubs.rsc.org/en/content/articlelanding/2014/cp/c4cp03114h"
Saleh,Structural ensemble of HAdV5 Early 1A protein fragment (36-146) in complex with human Retinoblastoma AB protein domain,GEFNTIQQLMMILNSASDQPSENLISYFNNCTVNPKESILKRVKDIGYIFKEKFAKAVGQGCVEIGSQRYKLGVRLYYRVMESMLKSEEERLSIQNFSKLLNDNIFHMSLLACALEVVMATYSRSTSQNLDSGTDLSFPWILNVLNLKAFDFYKVIESFIKAEGNLTREMIKHLERCEHRIMESLAWLSDSPLFDLIKQSKLVPRGSKSTSLSLFYKKVYRLAYLRLNTLCERLLSEHPELEHIIWTLFQHTLQNEYELMRDRHLDQIMMCSMYGICKVKNIDLKFKIIVTAYKDLPHAVQETFKRVLIKEEEYDSIIVFYNSVFMQRLKTNILQYASTRPPTLSPIPHIPR,2.271,,,200,20,0,0,0,0,0,1,0,0,0,0,0,0,0,0,0,0,0,0,0,0,0,0,0,0,0,0,7,experimental,"https://proteinensemble.org/entries/PED00174, https://www.sasbdb.org/data/SASDNU6/"
Saleh,AF4-AF9 Fusion Protein,TRLPLPLRDTKLLSPLRDTP PPQSLMVKITLDLLSRIPQP PGKPMGSDKQIKNGECDKAY LDELVELHRRLMTLRERHIL QQIVNLIEETGHFHITNTTF DFDLCSLDKTTVRKLQSYLE TSGTS,1.9,,,100,0,10,1.8,2.7,0,0,1,0,0,0,0,25,0,0,0,0,0,0,0,0,0,0,0,0,0,0,0,6,experimental,"https://bmrb.io/data_library/summary/index.php?bmrbId=18094, https://proteinensemble.org/entries/PED00262"
Saleh,"Structural ensemble of abcissic acid stress ripening of durum wheat, TtASR1",GSPEFMAEEKHHHLFHHKEGEDFQPAADGGVDTYGYSTETVVTATGNDGEYERITKEEKHHKHKEHLGEMGAAAAGAFALYEKHEAKKDPEHAHKHKIEEEVAAAAAVGAGGFVFHEHHEKKQDHKEAKEASGEKKHHLFGC,3.985,,,137,0,0,0,0,0,0,5,0,0,0,0,0,0,0,0,0,0,0,0,0,0,0,0,0,0,0,0,7.3,experimental,https://proteinensemble.org/entries/PED00140
Saleh,Structural ensemble of PaaA2 antitoxin,MDYKDDDDKNRALSPMVSEFETIEQENSYNEWLRAKVATSLADPRPAIPHDEVERRMAERFAKMRKERSKQ,2.079,,,500,0,0,0,0,0,0,0,0,0,0,0,0,50,0,0,0,0,0,0,0,0,0,0,0,0,0,0,6.6,experimental,https://proteinensemble.org/entries/PED00013
Saleh,AA9A LPMO,HGHVSGFRFDGVYEPGYSLDYYYAKQNGQEVPSVAAWSAENLDNGFVDGTGYQTVDIVCHKKSAPGKKSAKIAAGGTVDFLWTAWPDSHMGPVLTYAAKCDGDCTTADPATLKWVKIQESGYEDGTWAAIALIKNNNTGSATIPADFAPGNYVLRHEIIAMHGAGSENGAQNYPQCVNVEVTGSGTATPEGVLGTELYKSTDPGILFSPYQAKVDYTPPGPALYGKGSSYTPTTPTTPTTPTTPSNGTVPATSAAASAAAEDDYGCSSKKLRRHARDLFHSRH,4.8,,,150,0,0,0,0,0,0,0,0,0,0,0,0,50,0,0,0,0,0,0,0,0,0,0,0,0,0,0,6.5,experimental,https://www.sasbdb.org/data/SASDUH3/
Saleh,Second type III domain of human Fibronectin,GPLGSHLVATSESVTEITASSFVVSWVSASDTVSGFRVEYELSEEGDEPQYLDLPSTATSVNIPDLLPGRKYIVNVYQISEDGEQSLILSTSQTT,1.479,,,20,20,0,0,0,0,0,0,0,0,0,0,0,0,0,0,0,0,0,0,0,0,0,0,0,0,0,0,7,computational,https://proteinensemble.org/entries/PED00041
Saleh,Structural ensemble of N-WASP domain V,GAMGTAGNKAALLDQIREGAQLKKVEQNSRPVSCSGRDALLDQIRQGIQLKSVADGQESTPPTPAPT,2.338,,,150,0,0,0,0,0,0,0,0,50,0,0,0,0,0.5,0,0,0,0,0,0,0,0,0,0,0,0,0,7,experimental,https://proteinensemble.org/entries/PED00181
zach,p15PAF,MVRTKADSVPGTYRKVVAARAPRKVLGSSTSATNSTSVSSRKAENKYAGGNPVCVRPTPKWQKGIGEFFRLSPKDSEKENQIPEEAGSSGLGKAKRKACPLQPDHTNDEKE,3.038,,,0,0,0,0,0,1,0,1,20,0,0,0,0,0,0,0,0,0,0,0,0,0,0,0,0,0,0,0,8,experimental,"https://proteinensemble.org/entries/PED00016, https://bmrb.io/data_library/summary/index.php?bmrbId=19332"
zach,gamma subunit of cGMP phosphodiesterase (1-87),CGNLSTCMLGTYTQDFNKFHTFPQTAIGVGAP,1.65,,,100,0,0,0,0,0,0,0,20,0,0,0,0,0,0,0,0,0,0,0,0,0,0,0,0,0,0,0,8,experimental,"https://proteinensemble.org/entries/PED00075, https://www.pnas.org/doi/full/10.1073/pnas.0709558105, https://bmrb.io/data_library/summary/index.php?bmrbId=1543"
zach,"Nucleocapsid of murine respirovirus, 458-509, wild",FVTLHGAERLEEETNDEDVSDIERRIAMRLAERRQEDSATHGDEGRNNGVDHE,2.022,,,500,0,0,0,0,0.1,0,0,0,0,0,0,0,0,0,0,0,0,0,0,0,50,0,0,0,0,0,0,6.5,computational ,"https://proteinensemble.org/entries/PED00025, https://pubs.rsc.org/en/content/articlelanding/2014/cp/c4cp03114h"
Abdullah S,Damage suppressor protein,MASTHQSSTEPSSTGKSEETKKDASQGSGQDSKNVTVTKGTGSSATSAAIVKTGGSQGKDSSTTAGSSSTQGQKFSTTPTDPKTFSSDQKEKSKSPAKEVPSGGDSKSQGDTKSQSDAKSSGQSQGQSKDSGKSSSDSSKSHSVIGAVKDVVAGAKDVAGKAVEDAPSIMHTAVDAVKNAATTVKDVASSAASTVAEKVVDAYHSVVGDKTDDKKEGEHSGDKKDDSKAGSGSGQGGDNKKSEGETSGQAESSSGNEGAAPAKGRGRGRPPAAAKGVAKGAAKGAAASKGAKSGAESSKGGEQSSGDIEMADASSKGGSDQRDSAATVGEGGASGSEGGAKKGRGRGAGKKADAGDTSAEPPRRSSRLTSSGTGAGSAPAAAKGGAKRAASSSSTPSNAKKQATGGAGKAAATKATAAKSAASKAPQNGAGAKKKGGKAGGRKRK,5.3,,,155.2,0,2.97,1.06,0,0,0,0,0,0,0,0,0,0,0,0,0,0,0,0,0,0,0,0,0,0,0,0,7.4,experimental,"https://www.nature.com/articles/s41598-024-74335-2, https://www.uniprot.org/uniprotkb/P0DOW4/entry#sequences"
Abdullah S,Paratox,MLYIDEFKEAIDKGYILGDTVAIVRKNGKIFDYVLPHEKVRDDEVVTVERVEEVMVELDKLEHHHHHH,1.279,,,,,,,,,,,,,,,,,,,,,,,,,,,,,,,,computational ,https://www.dsimb.inserm.fr/ATLAS/database/ATLAS/6cka_B/6cka_B.html
zach,ERD14(2-185),AEEIKNVPEQEVPKVATEESSAEVTDRGLFDFLGKKKDETKPEETPIASEFEQKVHISEPEPEVKHESLLEKLHRSDSSSSSSSEEEGSDGEKRKKKKEKKKPTTEVEVKEEEKKGFMEKLKEKLPGHKKPEDGSAVAAAPVVVPPPVEEAHPVEKKGILEKIKEKLPGYHPKTTVEEEKKDKE,4.636,,,150,0,0,0,0,0,0,5,20,0,0,0,0,0,0,0,0,0,0,0,0,0,0,0,0,0,0,0,7.5,experimental,"https://proteinensemble.org/entries/PED00164 , https://pubs.acs.org/doi/10.1021/jacs.5b06027"
Abdullah S,Neurofilament light polypeptide,MTRLSFTSVGSITSGYSQSSQVFGRSAYSGLQSSSYLMSARSFPAYYNSHVQEEQTEVEETIEATKAEEAKDEPPSEGEAEEEEKEKEEGEEEEGAEEEEAAKDESEDTKEEEEGGEGEEEDTKESEEEEKKEESAGEEQVAKKKD,26.4,,,0,0,0,0,0,0,0,0,20,0,0,0,0,0,0,0,0,0,0,0,0,0,0,0,0,0,0,0,8.0,experimental,"https://www.sasbdb.org/data/SASDT76/, https://www.sasbdb.org/molecule/4861"
Abdullah S,Estrogen receptor (mutant S118A),SNAMTMTLHTKASGMALLHQIQGNELEPLNRPQLKIPLERPLGEVYLDSSKPAVYNYPEGAAYEFNAAAAANAQVYGQTGLPYGPGSEAAAFGSNGLGGFPPLNSVSPSPLMLLHPPPQLAPFLQPHGQQVPYYLENEPSGYTVREAGPPAFYRPNSDNRRQGGRERLASTNDKGSMAMESAKETRY,3.2,,,150,20,0,0,0,0.5,0.1,0,0,0,0,0,0,0,0,0,0,0,0,0,0,0,0,0,0,0,0,0,7.4,experimental,"https://www.sasbdb.org/molecule/4583, https://www.sasbdb.org/data/SASDSE5/"
Abdullah S,Transcription factor p65 340-549,MGSVPKPAPQPYTFPASLSTINFDEFSPMLLPSGQISNQALALAPSSAPVLAQTMVPSSAMVPLAQPPAPAPVLTPGPPQSLSAPVPKSTQAGEGTLSEALLHLQFDADEDLGALLGNSTDPGVFTDLASVDNSEFQQLLNQGVSMSHSTAEPMLMEYPEAITRLVTGSQRPPDPAPTPLGTSGLPNGLSGDEDFSSIADMDFSALLSQISSLEHHHHHH,2.7,,,150,0,0,0,0,0.5,0,1,0,25,0,0,0,0,0,0,0,0,0,0,0,0,0,0,0,0,0,0,7.5,experimental,"https://www.uniprot.org/uniprotkb/Q04207/entry, https://www.sasbdb.org/molecule/2079, https://www.sasbdb.org/data/SASDHD5/"
Abdullah S,NAC domain-containing protein 13,MDLSVENGGLAPGFRFHPTDEELVVYYLKRKIRRKKLRVEAIGETDVYKFDPEELPEKALYKTRDRQWFFFSLRDRKHGSRSSRATERGYWKATGKDRVIHCDSRPVGEKKTLVFHRGRAPNGERTNWVMHEYTLHKEELKRCGGEDVKDAYVLYKIYKKSGSGPKNGEQYGAPFIEEEWAEDDDDDVDEPANQLVVSASVDNSLWGKGLNQSELDDNDIEELMSQVRDQSGPTLQQNGVSGLNSHVDTYNLENLEEDMYLEINDLMEPEPEPT,3.8,,,150,0,0,0,0,0,0,0,0,0,0,5,0,0,0,5,20,0,0,0,0,0,0,0,0,0,0,0,7.4,experimental,"https://www.sasbdb.org/molecule/5175, https://www.sasbdb.org/data/SASDU27/, https://www.uniprot.org/uniprotkb/F4IED2/entry#sequences"
Abdullah S,DNA-directed RNA polymerase subunit delta,MGIKQYSQEELKEMALVEIAHELFEEHKKPVPFQELLNEIASLLGVKKEELGDRIAQFYTDLNIDGRFLALSDQTWGLRSWYPYDQLDEETQPTVKAKKKKAKKAVEEDLDLDEFEEIDEDDLDLDEVEEELDLEADDFDEEDLDEDDDDLEIEEDIIDEDDEDYDDEEEEIK,3.5,,,10,0,0,0,0,0,0,0,0,0,0,0,0,0,0,0,0,0,0,0,0,20,0,0,7.7,0,0,0,6.6,experimental,"https://www.sasbdb.org/molecule/1736, https://www.sasbdb.org/data/SASDF58/, https://www.uniprot.org/uniprotkb/P12464/entry"
Abdullah S,Transient receptor potential cation channel subfamily V member 4,FNRPILFDIVSRGSPDGLEGLLSFLLTHKKRLTDEEFREPSTGKTCLPKALLNLSAGRNDTIPILLDIAEKTGNMREFINSPFRDVYYRGQTALHIAIERRCKHYVELLVEKGADVHAQARGRFFQPKDEGGYFYFGELPLSLAACTNQPHIVHYLTENGHKQADLRRQDSRGNTVLHALVAIADNTRENTKFVTKMYDLLLIKCAKLFPDTNLEALLNNDGLSPLMMAAKTGKIGIFQHIIRREIAD,2.3,,,300,0,0,0,0,0,0,10,20,0,0,0,0,0,0,0,0,0,0,0,0,0,0,0,0,0,0,0,7.0,experimental,"https://www.sasbdb.org/data/SASDQE8/, https://www.sasbdb.org/molecule/4184, https://www.uniprot.org/uniprotkb/A0A1D5PXA5/entry"
Abdullah S,"Stromal cell-derived factor 1",MKPVSLSYRCPCRFFESHVARANVKHLKILNTPNCALQIVARLKNNNRQVCIDPKLKWIQEYLEKALNKE YLEKALNK,1.5,,,50,0,0,0,0,0,0,0,20,0,0,0,0,0,0,0,0,0,0,0,0,0,0,0,0,0,0,0,7.5,experimental,"https://www.sasbdb.org/molecule/4491, https://www.sasbdb.org/data/SASDRG9/, https://www.uniprot.org/uniprotkb/P48061/entry#sequences"
Abdullah S,"High mobility group protein B1 (D189E, E202D, E215D)",GKGDPKKPRG KMSSYAFFVQTCREEHKKKHPDASVNFS EFSKKCSERWKTMSAKEKGKFEDMAKADKARY EREMKT YIPPKGETKKKFKDPNAPKRPPSAFFLFCSEYRP KIKGEH PGLSIGDVAKKLGEMWNNTAADDKQPYEKKAAKLKEKYE KDIAAYRAKGKPDAAKKGVVKAEKSKKKKEEEEDEEDEED EEEEEDEEDEDEEEDDDDD,2.6,,,50,0,0,0,0,0,0,0,20,0,0,0,0,0,0,0,0,0,0,0,0,0,0,0,0,0,0,0,7.5,experimental,"https://www.sasbdb.org/data/SASDRH9/, https://www.sasbdb.org/molecule/4492, https://www.uniprot.org/uniprotkb/P63159/entry#sequences"
Abdullah S,NAC domain-containing protein 46,NAPSTTITTTKQLSRIDSLDNIDHLLDFSSLPPLIDPGFLGQPGPSFSGARQQHDLKPVLHHPTTAPVDNTYLPTQALNFPYHSVHNSGSDFGYGAGSGNNNKGMIKLEHSLVSVSQETGLSSDVNTTATPEISSYPMMMNPAMMDGSKSACDGLDDLIFWEDLYTS,3.5,,,100,0,0,0,0,0,0,5,0,0,0,0,0,0,0,0,0,20,0,0,0,0,0,0,0,0,0,0,7.0,experimental,"https://www.sasbdb.org/data/SASDVN9/, https://www.sasbdb.org/molecule/5599, https://www.uniprot.org/uniprotkb/Q9SQQ6/entry#sequences"
Abdullah S,Transcription elongation factor SPT6,MHHHHHHGKPIPNPLLGLDSTENLYFQGIDPFTGLSSDKIDEMYDIFGDGHDYDWALEIENEELENGNDNNEAEEEEIDEETGAIKSTKKKISLQDIYDLEDLKKNLMTEGDMKIRKTDIPERYQELRAGITDYGNMSSEDQELERNWIAEKISVDKNFDANYDLTEFKEAIGNAIKFITKENLEVPFIYAYRRNYISSREKDGFLLTEDDLWDIVSLDIEFHSLVNKKDYVQRFYAELHIDDPIVTEYFKNQNTASIAELNSLQDIYDYLEFKYANEINEMFINHTGKTGKKHLKNSSYEKFKASPLYQAVSDIGISAEDVGENISSQHQIHPPVDHPSSKPVEVIESILNANSGDLQVFTSNTKLAIDTVQKYYSLELSKNTKIREKVRSDFSKYYLADVVLTAKGKKEIQKGSLYEDIKYAINRTPMHFRRDPDVFLKMVEAESLNLLSVKLHMSSQAQYIEHLFQIALETTNTSDIAIEWNNFRKLAFNQAMDKIFQDISQEVKDNLTKNCQKLVAKTVRHKFMTKLDQAPFIPNVRDPKIPKILSLTCGQGRFGADAIIAVYVNRKGDFIRDYKIVDNPFDKTNPEKFEDTLDNIIQSCQPNAIGINGPNPKTQKFYKRLQEVLHKKQIVDSRGHTIPIIYVEDEVAIRYQNSERAAQEFPNKPPLVKYCIALARYMHSPLLEYANLTSEEVRSLSIHPHQNLLSSEQLSWALETAFVDIVNLVSVEVNKATDNNYYASALKYISGFGKRKAIDFLQSLQRLNEPLLARQQLITHNILHKTIFMNSAGFLYISWNEKRQKYEDLEHDQLDSTRIHPEDYHLATKVAADALEYDPDTIAEKEEQGTMSEFIELLREDPDRRAKLESLNLESYAEELEKNTGLRKLNNLNTIVLELLDGFEELRNDFHPLQGDEIFQSLTGESEKTFFKGSIIPVRVERFWHNDIICTTNSEVECVVNAQRHAGAQLRRPANEIYEIGKTYPAKVIYIDYANITAEVSLLDHDVKQQYVPISYSKDPSIWDLKQELEDAEEERKLMMAEARAKRTHRVINHPYYFPFNGRQAEDYLRSKERGEFVIRQSSRGDDHLVITWKLDKDLFQHIDIQELEKENPLALGKVLIVDNQKYNDLDQIIVEYLQNKVRLLNEMTSSEKFKSGTKKDVVKFIEDYSRVNPNKSVYYFSLNHDNPGWFYLMFKINANSKLYTWNVKLTNTGYFLVNYNYPSVIQLCNGFKTLLKSNSSKNRMNNYR,4.5,,,150,25,0,0,0,0.5,0,1,0,0,0,0,0,0,0,0,0,0,0,0,0,0,0,0,0,0,0,0,7.5,experimental,"https://www.sasbdb.org/molecule/2891, https://www.sasbdb.org/data/SASDL32/, https://www.uniprot.org/uniprotkb/P23615/entry#sequences"
zach,P300(2039-2142),ISPLKPGTVSQQALQNLLRTLRSPSSPLQQQQVLSILHANPQLLAAFIKQRAAKYANSNPQPIPGQPGMPQGQPGLQPPTMPGQQGVHSNPAMQNMNPMQAGVQR,2.974,,,150,0,0,0,0,0,0,5,20,0,0,0,0,0,0,0,0,0,0,0,0,0,0,0,0,0,0,0,7.5,experimental,"https://proteinensemble.org/entries/PED00165, https://pubs.acs.org/doi/10.1021/jacs.5b06027, https://www.uniprot.org/uniprotkb/Q09472/entry#sequences"
zach,AavLEA1(1-143),MSSQQNQNRQGEQQEQGYMEAAKEKVVNAWESTKETLSSTAQAAAEKTAEFRDSAGETIRDLTGQAQEKGQEFKERAGEKAEETKQRAGEKMDETKQRAGEMRENAGQKMEEYKQQGKGKAEELRDTAAEKLHQAGEKVKGRD,4.031,,,150,0,0,0,0,0,0,5,20,0,0,0,0,0,0,0,0,0,0,0,0,0,0,0,0,0,0,0,7.5,experimental,"https://proteinensemble.org/entries/PED00166, https://disprot.org/DP00186, https://pubs.acs.org/doi/10.1021/jacs.5b06027"
Abdullah S,C-term part CtBP3,HHHHHHMSGVRPPIMNGPMHPRPLVALLDGRDTVEMPILKDVATVAFCDAQSTQEIHEKVLNEAVGALMYHTITLTREDLEKFKALRIIVRIGSGFDNIDIKSAGDLGIAVCNVPAASGSSWYSEQASIEMREEAAREIRRAITGRIPDSLKNCVNKDHLTAATHWASMDPAVVHPELNGAAYSRYPPGVVSVAPTGIPAAVEGIVPSAMSLSHGLPPVAHPPHAPSPGQTVKPEADRDHTTDQL,5.5,,,250,0,0,0,0,0,0,0,0,25,0,0,0,0,0,0,0,0,0,0,0,0,0,0,0,0,0,0,8.0,experimental,"https://www.sasbdb.org/data/SASDAE4/, https://www.sasbdb.org/molecule/54"
Abdullah S,Cell wall assembly regulator SMI1,GPLGSMDLFKRKVKEWVYSLSTDDHYAEYNPDETPTFNMGKRLNSNNGQVNPSQMHLNSVDEEMSMGFQNGVPSNEDINIDEFTSTESNDGVSETLLAWRHIDFWTSEHNPDLNATLSDPCTQNDITHAEEDLEVSFPNPVKASFKIHDGQEDLESMTGTSGLFYGFQLMTLDQVVAMTQAWRNVAKNLNKRSQQGLSHVTSTGSSSSMERLNGNKFKLPNIPDQKSIPPNAVQPVYAHPAWIPLITDNAGNHIGVDLAPGPNGKYAQIITFGRDFDTKFVIAENWGEFLLSFANDLEAGNWYLVDDNDDYFSGDGELVFRDKKSNGPIQDYFEVLKRRTWIKYQENLRSQ,2.8,,,300,0,0,0,0,0,0,0,0,0,0,0,0,100,0,0,0,0,0,0,0,0,0,0,0,0,0,0,6.0,experimental,"https://www.sasbdb.org/data/SASDPD7/, https://www.uniprot.org/uniprotkb/P32566/entry#sequences"
Abdullah S,Surface protein G,GPAMAPKTITELEK KVEEIPFKKE RKFNPDLAPG TEKVTREGQK GEKTITTPTL KNPLTGVIIS KGEPKEEITK DPINELTEYG PETIAPGHRD EFDPKLPTGE KEEVPGKPGI KNPETGDVVR PPVDSVTKYG PVKGDSIVEK EEIPFEKERK FNPDLAPGTE KVTREGQKGE KTITTPTLKN PLTGEIISKG ESKEEITKDP INELTEYGPE TITPGHRDEF DPKLPTGEKE EVPGKPGIKN PETGDVVRPP VDSVTKYGPV KGDSIVEKEE IPFEKERKFN PDLAPGTEKV TREGQKGEKT ITTPTLKNPL TGVIISKGEP KEEITKDPIN ELTEYGPETI TPGHRDEFDP KLPTGEKEEV PGKPGIKNPE TGDVVRPPVD SVTKYGPVKG DSIVEKEEIP FKKERKFNPD LAPGTEKVTR EGQKGEKTIT TPTLKNPLTG EIISKGESKE EITKDPINEL TEYGPETITP GHRDEFDPKL PTGEKEEVPG KPGIKNPETG DVVRPPVDSV TKYGPVKGDS IVEKEEIPFE KERKFNPDLA PGTEKVTREG QKGEKTITTP TLKNPLTGEI ISKGESKEEI TKDPINELTE YGPETITPGH RDEFDPKLPT GEKEEVPGKP GIKNPETGDV VRPPVDSVTK YGPVKGDSIV EKEEIPFKKE RKFNPDLAPG TEKVTREGQK GEKTITTPTL KNPLTGEIIS KGESKEEITK DPINELTEYG PETITPGHRD EFDPKLPTGE KEEVPGKPGI KNPETGDVVR PPVDSVTKYG PVKGDSIVEK EEIPFEKERK FNPDLAPGTE KVTREGQKGE KTITTPTLKN PLTGEIISKG ESKEEITKDP INELTEYGPE T WSHPQFEK,15.9,,,200,0,0,0,0,1,0,0,20,20,0,0,0,0,0,0,0,0,0,0,0,0,0,0,0,0,0,0,7.5,experimental,"https://www.sasbdb.org/data/SASDA87/, https://www.sasbdb.org/molecule/145, https://www.uniprot.org/uniprotkb/Q2G2B2/entry#sequences"
Abdullah S,N-ter construct of FATZ-1 (alias myozenin-1 or calsarcin-2),MAHHHHHHVDDDDKIMPLSGTPAPNKKRKSSKLIMELTGGGQESSGLNLGKKISVPRDVMLEELSLLTNRGSKMFKLRQMRVEKFIYENHPDVFSDSSMDHFQKFLPTVGGQLGTAGQGFSYSKSNGRGGSQAGGSGSAGQYGSDQQHHLGSGSGAGGTGGPAGQAGRGGAAGTAGVGETGSGDQAGGEAE,3.5,,,150,0,0,0,0,0,0,0,0,50,0,0,0,0,0,0,0,0,0,0,0,0,0,0,0,0,0,0,7.5,experimental,"https://www.sasbdb.org/data/SASDJJ6/, https://www.sasbdb.org/molecule/2455 , https://www.uniprot.org/uniprotkb/Q9NP98/entry#sequences"
Abdullah S,Tropoelastin,MAGLTAAAPRPGVLLLLLSILHPSRPGGVPGAIPGGVPGGVFYPGAGLGALGGGALGPGGKPLKPVPGGLAGAGLGAGLGAFPAVTFPGALVPGGVADAAAAYKAAKAGAGLGGVPGVGGLGVSAGAVVPQPGAGVKPGKVPGVGLPGVYPGGVLPGARFPGVGVLPGVPTGAGVKPKAPGVGGAFAGIPGVGPFGGPQPGVPLGYPIKAPKLPGGYGLPYTTGKLPYGYGPGGVAGAAGKAGYPTGTGVGPQAAAAAAAKAAAKFGAGAAGVLPGVGGAGVPGVPGAIPGIGGIAGVGTPAAAAAAAAAAKAAKYGAAAGLVPGGPGFGPGVVGVPGAGVPGVGVPGAGIPVVPGAGIPGAAVPGVVSPEAAAKAAAKAAKYGARPGVGVGGIPTYGVGAGGFPGFGVGVGGIPGVAGVPGVGGVPGVGGVPGVGISPEAQAAAAAKAAKYGAAGAGVLGGLVPGAPGAVPGVPGTGGVPGVGTPAAAAAKAAAKAAQFGLVPGVGVAPGVGVAPGVGVAPGVGLAPGVGVAPGVGVAPGVGVAPGIGPGGVAAAAKSAAKVAAKAQLRAAAGLGAGIPGLGVGVGVPGLGVGAGVPGLGVGAGVPGFGAGADEGVRRSLSPELREGDPSSSQHLPSTPSSPRVPGALAAAKAAKYGAAVPGVLGGLGALGGVGIPGGVVGAGPAAAAAAAKAAAKAAQFGLVGAAGLGGLGVGGLGVPGVGGLGGIPPAAAAKAAKYGAAGLGGVLGGAGQFPLGGVAARPGFGLSPIFPGGACLGKACGRKRK,6.2,,,137,0,10,1.8,2.7,0,0,10,0,0,0,0,0,0,0,0,0,0,0,0,0,0,0,0,0,0,0,0,7.4,experimental,https://pmc.ncbi.nlm.nih.gov/articles/PMC3060269/
zach,Calpastatin(137-277),DLIDTLGGPEETEEENTTYTGPEVSDPMSSTYIEELGKREVTIPPKYRELLAKKEGITGPPADSSKPIGPDDAIDALSSDFTCGSPTAAGKKTEKEESTEVLKAQSAGTVRSAAPPQEKKRKVEKDTMSDQALEALSASLGTRQAEPELDLR,3.283,,,150,0,0,0,0,0,0,5,20,0,0,0,0,0,0,0,0,0,0,0,0,0,0,0,0,0,0,0,7.5,experimental,"https://proteinensemble.org/entries/PED00168, https://pubs.acs.org/doi/10.1021/jacs.5b06027"
zach,ERD10(1-260),MAEEYKNTVPEQETPKVATEESSAPEIKERGMFDFLKKKEEVKPQETTTLASEFEHKTQISEPESFVAKHEEEEHKPTLLEQLHQKHEEEEENKPSLLDKLHRSNSSSSSSSDEEGEDGEKKKKEKKKKIVEGDHVKTVEEENQGVMDRIKEKFPLGEKPGGDDVPVVTTMPAPHSVEDHKPEEEEKKGFMDKIKEKLPGHSKKPEDSQVVNTTPLVETATPIADIPEEKKGFMDKIKEKLPGYHAKTTGEEEKKEKVSD,5.929,,,150,0,0,0,0,0,0,5,20,0,0,0,0,0,0,0,0,0,0,0,0,0,0,0,0,0,0,0,7.5,experimental,"https://proteinensemble.org/entries/PED00170, https://pubs.acs.org/doi/10.1021/jacs.5b06027"